-- MySQL dump 10.13  Distrib 8.0.23, for Win64 (x86_64)
--
-- Host: localhost    Database: candidats
-- ------------------------------------------------------
-- Server version	8.0.23

/*!40101 SET @OLD_CHARACTER_SET_CLIENT=@@CHARACTER_SET_CLIENT */;
/*!40101 SET @OLD_CHARACTER_SET_RESULTS=@@CHARACTER_SET_RESULTS */;
/*!40101 SET @OLD_COLLATION_CONNECTION=@@COLLATION_CONNECTION */;
/*!50503 SET NAMES utf8 */;
/*!40103 SET @OLD_TIME_ZONE=@@TIME_ZONE */;
/*!40103 SET TIME_ZONE='+00:00' */;
/*!40014 SET @OLD_UNIQUE_CHECKS=@@UNIQUE_CHECKS, UNIQUE_CHECKS=0 */;
/*!40014 SET @OLD_FOREIGN_KEY_CHECKS=@@FOREIGN_KEY_CHECKS, FOREIGN_KEY_CHECKS=0 */;
/*!40101 SET @OLD_SQL_MODE=@@SQL_MODE, SQL_MODE='NO_AUTO_VALUE_ON_ZERO' */;
/*!40111 SET @OLD_SQL_NOTES=@@SQL_NOTES, SQL_NOTES=0 */;

--
-- Table structure for table `aimer_interet`
--

DROP TABLE IF EXISTS `aimer_interet`;
/*!40101 SET @saved_cs_client     = @@character_set_client */;
/*!50503 SET character_set_client = utf8mb4 */;
CREATE TABLE `aimer_interet` (
  `ID_INTERET` varchar(30) CHARACTER SET utf8 COLLATE utf8_unicode_ci NOT NULL,
  `ID_CANDIDAT` varchar(30) CHARACTER SET utf8 COLLATE utf8_unicode_ci NOT NULL,
  `DESCRIPTION` varchar(100) CHARACTER SET utf8 COLLATE utf8_unicode_ci DEFAULT NULL,
  PRIMARY KEY (`ID_INTERET`,`ID_CANDIDAT`),
  KEY `FK_AIMER_INTERET_ID_CANDIDAT_CANDIDAT` (`ID_CANDIDAT`)
) ENGINE=MyISAM DEFAULT CHARSET=utf8 COLLATE=utf8_unicode_ci;
/*!40101 SET character_set_client = @saved_cs_client */;

--
-- Dumping data for table `aimer_interet`
--

LOCK TABLES `aimer_interet` WRITE;
/*!40000 ALTER TABLE `aimer_interet` DISABLE KEYS */;
INSERT INTO `aimer_interet` VALUES ('474','470',NULL),('464','460',NULL),('454','450',NULL),('444','440',NULL),('434','430',NULL),('424','420',NULL),('414','410',NULL),('404','400',NULL),('394','390',NULL),('384','380',NULL),('374','370',NULL),('364','360',NULL),('354','350',NULL),('344','340',NULL),('334','330',NULL),('324','320',NULL),('314','310',NULL),('304','300',NULL),('294','290',NULL),('284','280',NULL),('274','270',NULL),('264','260',NULL),('254','250',NULL),('244','240',NULL),('234','230',NULL),('224','220',NULL),('214','210',NULL),('204','200',NULL),('194','190',NULL),('184','180',NULL),('174','170',NULL),('164','160',NULL),('154','150',NULL),('144','140',NULL),('134','130',NULL),('124','120',NULL),('114','110',NULL),('104','100',NULL),('1874','1870',NULL),('1864','1860',NULL),('1854','1850',NULL),('1844','1840',NULL),('1834','1830',NULL),('1824','1820',NULL),('1814','1810',NULL),('1804','1800',NULL),('1794','1790',NULL),('1784','1780',NULL),('1774','1770',NULL),('1764','1760',NULL),('1754','1750',NULL),('1744','1740',NULL),('1734','1730',NULL),('1724','1720',NULL),('1714','1710',NULL),('1704','1700',NULL),('1694','1690',NULL),('1684','1680',NULL),('1674','1670',NULL),('1664','1660',NULL),('1654','1650',NULL),('1644','1640',NULL),('1634','1630',NULL),('1624','1620',NULL),('1614','1610',NULL),('1604','1600',NULL),('1594','1590',NULL),('1584','1580',NULL),('1574','1570',NULL),('1564','1560',NULL),('1554','1550',NULL),('1544','1540',NULL),('1534','1530',NULL),('1524','1520',NULL),('1514','1510',NULL),('1504','1500',NULL);
/*!40000 ALTER TABLE `aimer_interet` ENABLE KEYS */;
UNLOCK TABLES;

--
-- Table structure for table `candidat`
--

DROP TABLE IF EXISTS `candidat`;
/*!40101 SET @saved_cs_client     = @@character_set_client */;
/*!50503 SET character_set_client = utf8mb4 */;
CREATE TABLE `candidat` (
  `ID_CANDIDAT` int NOT NULL AUTO_INCREMENT,
  `NOM_CANDIDAT` varchar(500) CHARACTER SET utf8 COLLATE utf8_unicode_ci DEFAULT NULL,
  `PRENOM_CANDIDAT` varchar(500) CHARACTER SET utf8 COLLATE utf8_unicode_ci DEFAULT NULL,
  `AGE_CANDIDAT` int DEFAULT NULL,
  `SEXE` char(1) CHARACTER SET utf8 COLLATE utf8_unicode_ci DEFAULT NULL,
  `DATE_NAISSANCE` date DEFAULT NULL,
  `SITUATION_FAMILIALE` char(4) CHARACTER SET utf8 COLLATE utf8_unicode_ci DEFAULT NULL,
  `PERMIS` char(2) CHARACTER SET utf8 COLLATE utf8_unicode_ci DEFAULT NULL,
  `NATIONALITE` varchar(400) CHARACTER SET utf8 COLLATE utf8_unicode_ci DEFAULT NULL,
  `MOBILITE` varchar(400) CHARACTER SET utf8 COLLATE utf8_unicode_ci DEFAULT NULL,
  `PRESENTATION` varchar(10000) CHARACTER SET utf8 COLLATE utf8_unicode_ci DEFAULT NULL,
  PRIMARY KEY (`ID_CANDIDAT`)
) ENGINE=MyISAM AUTO_INCREMENT=1871 DEFAULT CHARSET=utf8 COLLATE=utf8_unicode_ci;
/*!40101 SET character_set_client = @saved_cs_client */;

--
-- Dumping data for table `candidat`
--

LOCK TABLES `candidat` WRITE;
/*!40000 ALTER TABLE `candidat` DISABLE KEYS */;
INSERT INTO `candidat` VALUES (460,'YABA',' Michel',NULL,NULL,NULL,NULL,NULL,NULL,NULL,'DCISIONNEL, JE SUIS  LA RECHERCHE D\'UN STAGE EN GESTION,'),(470,'SENE',' Mame astou',NULL,NULL,NULL,NULL,NULL,NULL,NULL,'Recherche de Stage de Fin d\'tudes07 66 79 66 03Data scientist/BI de 4  6 mois.Disponible en Avril 2021'),(450,'TERAA',' Youcef Oussama',NULL,NULL,NULL,NULL,NULL,NULL,NULL,'RECHERCHE STAGE FIN D\'TUDE DATA SCIENCE D\'UNE DURE06 19 20 59 33DE 6 MOIS  PARTIR D\'AVRIL 2021Permis BVhicule personnelDIPLMES ET FORMATIONSPROPOS DE MOIDepuisseptembre2020tudiant en master 2 Exploration informatique desdonnes et dcisionnel (EID2)  l\'Universit SorbonneParis Nord-institut Galile, je suis  la recherche dunstage de fin d\'tude  partir du mois davril pour unedure de 6 mois dans le domaine de data science.Let me create meaning from your raw dataCOMPTENCES INFORMATIQUESBases de donnes avancesMachine learningDeM1 Informatiqueseptembre'),(420,'SATHIANATHAN',' Sayanthan',21,NULL,NULL,NULL,NULL,NULL,NULL,''),(430,'SENE',' A誰ssatou Ba',NULL,NULL,NULL,NULL,NULL,NULL,NULL,'Etudiante  la recherche d\'un stage fin dtudes deData Scientist dune dure de 6 mois ds Avril 2021PARCOURSPROFIL &PROFESSIONNELOBJECTIFSALTERNANT DATA ENGINEERDsireuse de dvelopper constammentmes comptences afin d\'assurermon2SI, Dakar (Sngal) | 02.2020 - 05.2020)volution professionnelle, jesuismotive, exigeante et impatiente de'),(440,'TCHEDRE',' Napo Tiyadja',NULL,NULL,NULL,NULL,NULL,NULL,NULL,'projets de recherche assigns.Apprentissage Participer  des tches administratives telles que la rdactionde rapports.RigueurFormationsAutonomieTravail en groupe'),(410,'SABOUNI',' Soukayna',NULL,NULL,NULL,NULL,NULL,NULL,NULL,' la recherche d\'un stage de fin d\'tudes de 6 mois  partir du 01 Avril 2021 @soukayna-sabouniDiplmes et FormationsContact'),(390,'OULDOULHADJ',' Dehbia',22,NULL,NULL,NULL,NULL,NULL,NULL,'A la recherche d\'un stageMachine learning / Deep learningde 6 mois en Data scienceScience des donnes numriques/ Data engineer  partir duBase de donnes avances / Data mining / Data warehousemois d\'avril 2021Apprentissage statistique 22 ansInternet des objetsTraitement de donnes textuelles 30 rue des fillettesStatistique exploratoire multidimensionnelle93300 Aubervilliers'),(400,'QIAN',' Xiaotong',24,NULL,NULL,NULL,NULL,NULL,NULL,'Recherche un stage du Data Scientist07 62 17 a99 60xiaotong.qian@edu.univ-paris13.fr6 mois  partir d\'AvrilContactDiplmes et Formations24 ansProjet moteur de recherche Institut Galile Universit Sorbonne Paris NordDe mars 2020  mai 2020Base de donnes en- Une simulation moteur de recherche pour chercher la liste de site avec mot-cl parmipl/sql et UMLtous les site qu\'on a dans un rpertoire en utilisant Python et html.ProgrammationRobotique et analyse de'),(370,'NDIAYE',' Mohamed',NULL,NULL,NULL,NULL,NULL,NULL,NULL,''),(380,'OULDHADDA',' Tiziri',NULL,NULL,NULL,NULL,NULL,NULL,NULL,''),(340,'LE',' Minh Hao',NULL,NULL,NULL,NULL,NULL,NULL,NULL,'- Le 2me prix du concours de recherche scientifique universitaire.'),(350,'MALKI',' Salma',NULL,NULL,NULL,NULL,NULL,NULL,NULL,'A la recherche dun stage en Business(+33) 7 53 84 85 60Intelligence/Data Science A partir dAvril 2021salmamalki5@gmail.comlinkedin.com/in/salma-malki-a82458151/COMPTENCES'),(360,'MEDJDOUBI',' Lynda',21,NULL,NULL,NULL,NULL,NULL,NULL,'Recherche dun stage de fin dtude (de 4  6 mois)en tant que Data Scientist / Data EngineerLaboratoire de recherche de Paris Nord (LIPN)  Villetaneuse (93430)automatique, Base de donnes etJuillet 2020 Identification automatiquement du dialecte d\'un segment particulier destructure de donnes avancesdiscours ou texte de toute taille (The MADAR Shared Task ) Implmentation dun classificateur Naive Bayes pour lidentification Langages : Python, SQL/PLSQL,automatique de dialecte arabe.SAS, Java, Ocaml, C Implmentation dun classificateur LSTM pour lidentification automatique'),(260,'EL HAIL',' Mohamed',NULL,NULL,NULL,NULL,NULL,NULL,NULL,'Etudiant en M2 Data Science  lInstitut de Galile - Universit Sorbonne Paris Nord,  la recherche dun stage de fin dtudes partir du 01 Avril 2021.FORMATIONS2020 - 2021'),(270,'ESSEBBABI',' Nour',NULL,NULL,NULL,NULL,NULL,NULL,NULL,' la recherche active dun stage de fin dtudes de 5  6 mois.EXPRIENCESrecherche active dun stage de fin'),(280,'GUASSIM',' Mohamed',NULL,NULL,NULL,NULL,NULL,NULL,NULL,'Ralisation dun systme de recherche documentaire avec les mthodes de Text Miningscienceen python'),(290,'HAIDOURI',' Issam',NULL,NULL,NULL,NULL,NULL,NULL,NULL,''),(300,'HJIB',' Maroua',23,NULL,NULL,NULL,NULL,NULL,NULL,''),(310,'JIANG',' Alexis',23,NULL,NULL,NULL,NULL,NULL,NULL,''),(320,'KARAKAS',' Alexandre',NULL,NULL,NULL,NULL,NULL,NULL,NULL,'travailler dans un laboratoire de recherche- Vente d\'quipement informatique et lectromnageren informatique.- Prparation des commandes-Rangement et prsentation des produits en rayons-Rpondre aux besoins des clientsCONTACT- Cration d\'un moteur de recherche sous PythonParis 13-Dveloppement d\'une poubelle connecte avec Raspberry et python-Dveloppement d\'un fragment de compilateur pour le langage JavaScriptLANGUES'),(330,'KOUACHI',' Abdeldjalil',26,NULL,NULL,NULL,NULL,NULL,NULL,'( EID2 )  LA RECHERCHE D\'UN STAGE DE FIND\'TUDES (4-6 MOIS ) PARTIR DE MARS 2021COMPTENCES ET APTTITUDESComptences fonctionnellesComptences techniquesMthode Agile.Langage de programmation : Java.'),(250,'DJENADI',' Sabrina',23,NULL,NULL,NULL,NULL,NULL,NULL,'dveloppement du prototype de rechercheLassociation Agir Ensemble Pour leiDQMS qui est en train dtre ralis au seinSavoir  GONESSE pour aider les enfantsde son laboratoire le LIPN. faire leurs devoirs.- Prestation  domicile :Cuisine traditionnelle orientale'),(210,'CHAMBRIER',' Julian',22,NULL,NULL,NULL,NULL,NULL,NULL,'RECHERCHE UN STAGE DE FIN D\'TUDEJULIAN CHAMBRIERDATA ENGINEER/DATASCIENTIST PARTIR D\'AVRIL 2021 (4 6MOIS)Diplmes et FormationsMoteur de recherche | Fvrier 2020 - Avril 2020'),(220,'CHAOUCHE',' Yacine',NULL,NULL,NULL,NULL,NULL,NULL,NULL,'Candidature Master2 Exploration35 Rue du Pilier93300 AubervilliersInformatique des Donnes ethttps://www.linkedin.com/in/yDcisionnelacine-chaouche-85428310507 69 38 46 58'),(230,'CHATTAT',' Naima',NULL,NULL,NULL,NULL,NULL,NULL,NULL,''),(240,'CHFADI',' Sara',27,NULL,NULL,NULL,NULL,NULL,NULL,'Paris Nord, je suis  la recherche dun stage de fin dtudes, dunedure de 6 mois,  partir du 1 er Avril 2021.en vue dune surveillance et recherche des informations en ligne;Adaptation du dispositif de veille aux besoins volutifs du service;'),(200,'BOUSSAC',' Emiliano',NULL,NULL,NULL,NULL,NULL,NULL,NULL,''),(170,'BIAN',' Yiping',27,NULL,NULL,NULL,NULL,NULL,NULL,''),(180,'BOUHOUT',' Adil',NULL,NULL,NULL,NULL,NULL,NULL,NULL,''),(190,'BOUMAZA',' Heytem',NULL,NULL,NULL,NULL,NULL,NULL,NULL,'En recherche dun stage fin dtudes en Data Science/Machine learningpour une dure de 6 mois  partir dAvril 2021 heytem.boumaza@edu.univ-paris13.fr linkedin.com/in/heytem-boumaza-84b327190 +33 6 35 58 75 7010 Avenue Adolphe Chauvin, 95300 Pontoise COMPTENCESLangages de programmationPython, SQL2/3 , PL/SQL , JAVA , CFrameworksScikit-Learn , Tenserflow , Numpy , Pandas , Matplotlib , BeautifulSoup, AkkaConception et dveloppement dune application android de recherche dannonces base sur la localisation GPS, utilisantAndroid studio, java et xml pour crer lapplication, php, laravel et mysql pour le backendAndroid StudioJavaXMLPHPLaravelMysql'),(140,'BABORI',' Yasmine',25,NULL,NULL,NULL,NULL,NULL,NULL,''),(150,'BENSAID',' Imane',NULL,NULL,NULL,NULL,NULL,NULL,NULL,''),(160,'BERHILI',' Fa誰za',22,NULL,NULL,NULL,NULL,NULL,NULL,'Recherche de stage Data93240 STAINSScientist/Data Engineer  partir d\'avril22 ansFranaise2021 (4  6 mois)Permis B06 15 96 57 30D iplme'),(120,'ALSADIK',' Ammar',37,NULL,NULL,NULL,NULL,NULL,NULL,'- POC d\'un moteur de recherche en utilisant Trello et GitHub (langage'),(130,'AOUDJEHANE',' Sarah',24,NULL,NULL,NULL,NULL,NULL,NULL,'Data scientist//BI  la recherche dun stage pratique'),(110,'ADEL',' SalahEddine',NULL,NULL,NULL,NULL,NULL,NULL,NULL,'Recherche stage 4 moisFES MAROC002126 65 79 92 49salaheddine.adel1996@gmail.com'),(1850,'TERAA',' Youcef Oussama',NULL,NULL,NULL,NULL,NULL,NULL,NULL,'RECHERCHE STAGE FIN D\'TUDE DATA SCIENCE D\'UNE DURE06 19 20 59 33DE 6 MOIS  PARTIR D\'AVRIL 2021Permis BVhicule personnelDIPLMES ET FORMATIONSPROPOS DE MOIDepuisseptembre2020tudiant en master 2 Exploration informatique desdonnes et dcisionnel (EID2)  l\'Universit SorbonneParis Nord-institut Galile, je suis  la recherche dunstage de fin d\'tude  partir du mois davril pour unedure de 6 mois dans le domaine de data science.Let me create meaning from your raw dataCOMPTENCES INFORMATIQUESBases de donnes avancesMachine learningDeM1 Informatiqueseptembre'),(100,'MBENGUE',' Ibrahima',NULL,NULL,NULL,NULL,NULL,NULL,NULL,'En recherche de stage de fin dtude duneAIS TECH / JUIL 2020  SEPT 2020dure de 6 mois en tant que clouddataDAKAR, SENEGALengineer,  partir du mois davril 2021INGENIEUR CLOUD DEVOPSDploiement et optimisation des supports client du rseaude transfertMoneysurunenvironnementcloudon-LANGUESpremise.'),(1870,'SENE',' Mame astou',NULL,NULL,NULL,NULL,NULL,NULL,NULL,'Recherche de Stage de Fin d\'tudes07 66 79 66 03Data scientist/BI de 4  6 mois.Disponible en Avril 2021'),(1860,'YABA',' Michel',NULL,NULL,NULL,NULL,NULL,NULL,NULL,'DCISIONNEL, JE SUIS  LA RECHERCHE D\'UN STAGE EN GESTION,'),(1810,'SABOUNI',' Soukayna',NULL,NULL,NULL,NULL,NULL,NULL,NULL,' la recherche d\'un stage de fin d\'tudes de 6 mois  partir du 01 Avril 2021 @soukayna-sabouniDiplmes et FormationsContact'),(1840,'TCHEDRE',' Napo Tiyadja',NULL,NULL,NULL,NULL,NULL,NULL,NULL,'projets de recherche assigns.Apprentissage Participer  des tches administratives telles que la rdactionde rapports.RigueurFormationsAutonomieTravail en groupe'),(1820,'SATHIANATHAN',' Sayanthan',21,NULL,NULL,NULL,NULL,NULL,NULL,''),(1830,'SENE',' A誰ssatou Ba',NULL,NULL,NULL,NULL,NULL,NULL,NULL,'Etudiante  la recherche d\'un stage fin dtudes deData Scientist dune dure de 6 mois ds Avril 2021PARCOURSPROFIL &PROFESSIONNELOBJECTIFSALTERNANT DATA ENGINEERDsireuse de dvelopper constammentmes comptences afin d\'assurermon2SI, Dakar (Sngal) | 02.2020 - 05.2020)volution professionnelle, jesuismotive, exigeante et impatiente de'),(1760,'MEDJDOUBI',' Lynda',21,NULL,NULL,NULL,NULL,NULL,NULL,'Recherche dun stage de fin dtude (de 4  6 mois)en tant que Data Scientist / Data EngineerLaboratoire de recherche de Paris Nord (LIPN)  Villetaneuse (93430)automatique, Base de donnes etJuillet 2020 Identification automatiquement du dialecte d\'un segment particulier destructure de donnes avancesdiscours ou texte de toute taille (The MADAR Shared Task ) Implmentation dun classificateur Naive Bayes pour lidentification Langages : Python, SQL/PLSQL,automatique de dialecte arabe.SAS, Java, Ocaml, C Implmentation dun classificateur LSTM pour lidentification automatique'),(1800,'QIAN',' Xiaotong',24,NULL,NULL,NULL,NULL,NULL,NULL,'Recherche un stage du Data Scientist07 62 17 a99 60xiaotong.qian@edu.univ-paris13.fr6 mois  partir d\'AvrilContactDiplmes et Formations24 ansProjet moteur de recherche Institut Galile Universit Sorbonne Paris NordDe mars 2020  mai 2020Base de donnes en- Une simulation moteur de recherche pour chercher la liste de site avec mot-cl parmipl/sql et UMLtous les site qu\'on a dans un rpertoire en utilisant Python et html.ProgrammationRobotique et analyse de'),(1770,'NDIAYE',' Mohamed',NULL,NULL,NULL,NULL,NULL,NULL,NULL,''),(1780,'OULDHADDA',' Tiziri',NULL,NULL,NULL,NULL,NULL,NULL,NULL,''),(1790,'OULDOULHADJ',' Dehbia',22,NULL,NULL,NULL,NULL,NULL,NULL,'A la recherche d\'un stageMachine learning / Deep learningde 6 mois en Data scienceScience des donnes numriques/ Data engineer  partir duBase de donnes avances / Data mining / Data warehousemois d\'avril 2021Apprentissage statistique 22 ansInternet des objetsTraitement de donnes textuelles 30 rue des fillettesStatistique exploratoire multidimensionnelle93300 Aubervilliers'),(1740,'LE',' Minh Hao',NULL,NULL,NULL,NULL,NULL,NULL,NULL,'- Le 2me prix du concours de recherche scientifique universitaire.'),(1750,'MALKI',' Salma',NULL,NULL,NULL,NULL,NULL,NULL,NULL,'A la recherche dun stage en Business(+33) 7 53 84 85 60Intelligence/Data Science A partir dAvril 2021salmamalki5@gmail.comlinkedin.com/in/salma-malki-a82458151/COMPTENCES'),(1730,'KOUACHI',' Abdeldjalil',26,NULL,NULL,NULL,NULL,NULL,NULL,'( EID2 )  LA RECHERCHE D\'UN STAGE DE FIND\'TUDES (4-6 MOIS ) PARTIR DE MARS 2021COMPTENCES ET APTTITUDESComptences fonctionnellesComptences techniquesMthode Agile.Langage de programmation : Java.'),(1690,'HAIDOURI',' Issam',NULL,NULL,NULL,NULL,NULL,NULL,NULL,''),(1700,'HJIB',' Maroua',23,NULL,NULL,NULL,NULL,NULL,NULL,''),(1710,'JIANG',' Alexis',23,NULL,NULL,NULL,NULL,NULL,NULL,''),(1720,'KARAKAS',' Alexandre',NULL,NULL,NULL,NULL,NULL,NULL,NULL,'travailler dans un laboratoire de recherche- Vente d\'quipement informatique et lectromnageren informatique.- Prparation des commandes-Rangement et prsentation des produits en rayons-Rpondre aux besoins des clientsCONTACT- Cration d\'un moteur de recherche sous PythonParis 13-Dveloppement d\'une poubelle connecte avec Raspberry et python-Dveloppement d\'un fragment de compilateur pour le langage JavaScriptLANGUES'),(1670,'ESSEBBABI',' Nour',NULL,NULL,NULL,NULL,NULL,NULL,NULL,' la recherche active dun stage de fin dtudes de 5  6 mois.EXPRIENCESrecherche active dun stage de fin'),(1680,'GUASSIM',' Mohamed',NULL,NULL,NULL,NULL,NULL,NULL,NULL,'Ralisation dun systme de recherche documentaire avec les mthodes de Text Miningscienceen python'),(1630,'CHATTAT',' Naima',NULL,NULL,NULL,NULL,NULL,NULL,NULL,''),(1640,'CHFADI',' Sara',27,NULL,NULL,NULL,NULL,NULL,NULL,'Paris Nord, je suis  la recherche dun stage de fin dtudes, dunedure de 6 mois,  partir du 1 er Avril 2021.en vue dune surveillance et recherche des informations en ligne;Adaptation du dispositif de veille aux besoins volutifs du service;'),(1660,'EL HAIL',' Mohamed',NULL,NULL,NULL,NULL,NULL,NULL,NULL,'Etudiant en M2 Data Science  lInstitut de Galile - Universit Sorbonne Paris Nord,  la recherche dun stage de fin dtudes partir du 01 Avril 2021.FORMATIONS2020 - 2021'),(1650,'DJENADI',' Sabrina',23,NULL,NULL,NULL,NULL,NULL,NULL,'dveloppement du prototype de rechercheLassociation Agir Ensemble Pour leiDQMS qui est en train dtre ralis au seinSavoir  GONESSE pour aider les enfantsde son laboratoire le LIPN. faire leurs devoirs.- Prestation  domicile :Cuisine traditionnelle orientale'),(1610,'CHAMBRIER',' Julian',22,NULL,NULL,NULL,NULL,NULL,NULL,'RECHERCHE UN STAGE DE FIN D\'TUDEJULIAN CHAMBRIERDATA ENGINEER/DATASCIENTIST PARTIR D\'AVRIL 2021 (4 6MOIS)Diplmes et FormationsMoteur de recherche | Fvrier 2020 - Avril 2020'),(1620,'CHAOUCHE',' Yacine',NULL,NULL,NULL,NULL,NULL,NULL,NULL,'Candidature Master2 Exploration35 Rue du Pilier93300 AubervilliersInformatique des Donnes ethttps://www.linkedin.com/in/yDcisionnelacine-chaouche-85428310507 69 38 46 58'),(1600,'BOUSSAC',' Emiliano',NULL,NULL,NULL,NULL,NULL,NULL,NULL,''),(1540,'BABORI',' Yasmine',25,NULL,NULL,NULL,NULL,NULL,NULL,''),(1550,'BENSAID',' Imane',NULL,NULL,NULL,NULL,NULL,NULL,NULL,''),(1560,'BERHILI',' Fa誰za',22,NULL,NULL,NULL,NULL,NULL,NULL,'Recherche de stage Data93240 STAINSScientist/Data Engineer  partir d\'avril22 ansFranaise2021 (4  6 mois)Permis B06 15 96 57 30D iplme'),(1570,'BIAN',' Yiping',27,NULL,NULL,NULL,NULL,NULL,NULL,''),(1580,'BOUHOUT',' Adil',NULL,NULL,NULL,NULL,NULL,NULL,NULL,''),(1590,'BOUMAZA',' Heytem',NULL,NULL,NULL,NULL,NULL,NULL,NULL,'En recherche dun stage fin dtudes en Data Science/Machine learningpour une dure de 6 mois  partir dAvril 2021 heytem.boumaza@edu.univ-paris13.fr linkedin.com/in/heytem-boumaza-84b327190 +33 6 35 58 75 7010 Avenue Adolphe Chauvin, 95300 Pontoise COMPTENCESLangages de programmationPython, SQL2/3 , PL/SQL , JAVA , CFrameworksScikit-Learn , Tenserflow , Numpy , Pandas , Matplotlib , BeautifulSoup, AkkaConception et dveloppement dune application android de recherche dannonces base sur la localisation GPS, utilisantAndroid studio, java et xml pour crer lapplication, php, laravel et mysql pour le backendAndroid StudioJavaXMLPHPLaravelMysql'),(1500,'MBENGUE',' Ibrahima',NULL,NULL,NULL,NULL,NULL,NULL,NULL,'En recherche de stage de fin dtude duneAIS TECH / JUIL 2020  SEPT 2020dure de 6 mois en tant que clouddataDAKAR, SENEGALengineer,  partir du mois davril 2021INGENIEUR CLOUD DEVOPSDploiement et optimisation des supports client du rseaude transfertMoneysurunenvironnementcloudon-LANGUESpremise.'),(1530,'AOUDJEHANE',' Sarah',24,NULL,NULL,NULL,NULL,NULL,NULL,'Data scientist//BI  la recherche dun stage pratique'),(1520,'ALSADIK',' Ammar',37,NULL,NULL,NULL,NULL,NULL,NULL,'- POC d\'un moteur de recherche en utilisant Trello et GitHub (langage'),(1510,'ADEL',' SalahEddine',NULL,NULL,NULL,NULL,NULL,NULL,NULL,'Recherche stage 4 moisFES MAROC002126 65 79 92 49salaheddine.adel1996@gmail.com');
/*!40000 ALTER TABLE `candidat` ENABLE KEYS */;
UNLOCK TABLES;

--
-- Table structure for table `centre_interet`
--

DROP TABLE IF EXISTS `centre_interet`;
/*!40101 SET @saved_cs_client     = @@character_set_client */;
/*!50503 SET character_set_client = utf8mb4 */;
CREATE TABLE `centre_interet` (
  `ID_INTERET` varchar(300) CHARACTER SET utf8 COLLATE utf8_unicode_ci NOT NULL,
  `NOM_CENTRE_INTERET` varchar(1000) CHARACTER SET utf8 COLLATE utf8_unicode_ci DEFAULT NULL,
  PRIMARY KEY (`ID_INTERET`)
) ENGINE=InnoDB DEFAULT CHARSET=utf8mb4 COLLATE=utf8mb4_0900_ai_ci;
/*!40101 SET character_set_client = @saved_cs_client */;

--
-- Dumping data for table `centre_interet`
--

LOCK TABLES `centre_interet` WRITE;
/*!40000 ALTER TABLE `centre_interet` DISABLE KEYS */;
INSERT INTO `centre_interet` VALUES ('104',''),('114','Janvier 2018  Avril 2018 Centre dinvestissement de loriental : Etude Prdictive et Descriptive du marketing territoriale et limage de marque, Mthode  Cerise Revait la rgion Oriental avec (IBM SPSS Statistics et Modeler) SGBD et intgration de donnes : Oracle Database 12c, MySQL, Microsoft SQL Server, NoSQL (langage : SQL, PL/SQL), Talend. Intelligence artificielle : Statistiques, probabilits, techniques de classification, reconnaissance probabiliste des formes, apprentissage machine, logique propositionnelle et du premier ordre, graphes de planification, algorithmes de recherche, algorithmes gntiques, logique floue, rseaux de neurones.'),('124','Mes Loisirs Python)- dveloppement d\'un site web pour un jeu de recherches pays /rgions Tennis de table /capitales (html, css, bootstrap, javascript, php) Bricolage - dveloppement d\'un site web permettant de faire des recherches et des suggestions de recettes de cuisine (html, css, bootstrap, javascript, php) INFORMATIONS DE CONTACT AUTRES DOMAINES Portable : 06 51 11 60 11 E-mail : alsadik.ammar@gmail.com - maquette d\'une maison connecte (Arduino) en utilisant Trello et GitHub Adresse :8 rue Lakanal 60110 MERU (langage C) -ralisation d\'un Compilateur pour JavaScript (langage Ocaml) Age : 37 ans -programme permettant l\'analyse entre clients et serveur pour un rseau Permis B, Vhicul social (langage Java)'),('134',''),('144','Optimisation des interfaces de communication entre les instruments et Etude dun systme  base de adapter la manipulation a la nouvelle connexion processeur Nios II : sur un FPGA Instrumentation virtuelle: controler a distance tous les instruments pour Cyclone IV EP4CE115F29C7N Quar- tus, C/OSII , Nios II, FPGA automatiser la manipulation de l\'interferometrie laser Traitement des donnes brutes avec Python CERTIFICATIONS Analyse de donnes : caracteriser les echantillons piezo-electriques et CENTRE DINTRTS Traitement des donnes brutes avec un code VBA Sport : Aviron  Boxe  Natation Analyse de donnes, mise en place et suivi des plans dexprience Lecture et Voyages . Mise  jour des plans en lien avec un dessinateur ou un fournisseur'),('154','CPGE  Centre SALMANE EL FARISSI  Mathmatiques PhysiqueMP.  Sal, Maroc EXPRIENCES PROFESIONNELLES Mars -Juillet'),('164',''),('174','Loisirs culturels Cinma (science-fiction, action), Musique (classique, rap, piano)'),('184',''),('194',''),('204',''),('214','Ralisation d\'un site de location de places de parking entre particuliers Site ralis en ReactJS et les langages de programmation WEB LANGUES'),('224','Centr \'intr -Planifier les rservations et l\'occupation des chambres,assurer Voyages, cinma l\'accueil des clients  l\'htel et effectuer lencaissement. Sport: escalade, football'),('234',''),('244',''),('254','CENTRE DINTRTS journe.'),('264',''),('274',''),('284',''),('294',''),('304',''),('314',''),('324',''),('334','- Loisirs : diagramme de communication...... . Voyages Etablir un dossier de Spcification Gnrale (DSG) qui sert  spcifier le Systme Cinma et documentaire dInformation futur, avec la description des aspects mtiers, fonctionnels statiques et dynamiques. la musique Etablir galement un dossier de spcification dtaille sur une activit qui est la  gestion de - Sports: compte  en prcisant les spcifications fonctionnelles dtailles et les spcifications Natation techniques dtaille Art martiaux FORMATIONS ET DIPLMES'),('344',''),('354',''),('364','Centre dintrt Aujourdhui  Remise  niveau si ncessaire.  Rvision des cours.  Ptisserie  Aide aux devoirs. Prparation et correction des valuations. Sport: Un an de volley-ball  Vie associative : Un an de bnvolat chez Afev en tant quaccompagnatrice dun jeune garon dans des sorties culturelles et ducatives'),('374',''),('384',''),('394',''),('404',''),('414',''),('424',''),('434',''),('444',''),('454',''),('464',''),('474','Cration d\'une application pour la gestion d\'un centre Keras Mdical PyTorch Ecrire le bilan d\'un patient(rendez-vous, traitement, R: Markdown Framework Utilis: Zend C/C++/PASCAL/JAVA Linux/ UNIX');
/*!40000 ALTER TABLE `centre_interet` ENABLE KEYS */;
UNLOCK TABLES;

--
-- Table structure for table `certificat`
--

DROP TABLE IF EXISTS `certificat`;
/*!40101 SET @saved_cs_client     = @@character_set_client */;
/*!50503 SET character_set_client = utf8mb4 */;
CREATE TABLE `certificat` (
  `ID_CERTIFICAT` varchar(38) CHARACTER SET utf8 COLLATE utf8_unicode_ci NOT NULL,
  `CERTIFICATEUR` varchar(60) CHARACTER SET utf8 COLLATE utf8_unicode_ci DEFAULT NULL,
  `TITRE` varchar(2000) COLLATE utf8_unicode_ci DEFAULT NULL,
  `DATE_DEBUT` date DEFAULT NULL,
  `DATE_FIN` date DEFAULT NULL,
  `MENTION` varchar(600) CHARACTER SET utf8 COLLATE utf8_unicode_ci DEFAULT NULL,
  `ID_CANDIDAT` varchar(300) CHARACTER SET utf8 COLLATE utf8_unicode_ci DEFAULT NULL,
  PRIMARY KEY (`ID_CERTIFICAT`),
  KEY `FK_CERTIFICAT_ID_CANDIDAT_CANDIDAT` (`ID_CANDIDAT`)
) ENGINE=MyISAM DEFAULT CHARSET=utf8 COLLATE=utf8_unicode_ci;
/*!40101 SET character_set_client = @saved_cs_client */;

--
-- Dumping data for table `certificat`
--

LOCK TABLES `certificat` WRITE;
/*!40000 ALTER TABLE `certificat` DISABLE KEYS */;
INSERT INTO `certificat` VALUES ('385',NULL,'',NULL,NULL,NULL,'380'),('395',NULL,'',NULL,NULL,NULL,'390'),('405',NULL,'',NULL,NULL,NULL,'400'),('415',NULL,'Certification SAS en cours. De 2015  2020',NULL,NULL,NULL,'410'),('425',NULL,'',NULL,NULL,NULL,'420'),('435',NULL,'',NULL,NULL,NULL,'430'),('445',NULL,' Certification SAS Base, Visual Analytic et Machine Learning avec SAS (EN COURS)  Amazon Web Services Machine Learning  Machine learning with Python avec IBM Watson  Scala and Spark for Big Data and machine learning Rseaux Linkedinhttps://www.linkedin.com/in/napo- tchedre-a7411014b/ Contact +33 755 00 13 15 napotiyadja.tchedre@edu.sor bonne-paris-nord.fr 2 impasse Etienne fourmont 95220 Herblay sur seine',NULL,NULL,NULL,'440'),('455',NULL,'',NULL,NULL,NULL,'450'),('465',NULL,'',NULL,NULL,NULL,'460'),('475',NULL,'',NULL,NULL,NULL,'470'),('265',NULL,'',NULL,NULL,NULL,'260'),('275',NULL,'',NULL,NULL,NULL,'270'),('285',NULL,'',NULL,NULL,NULL,'280'),('295',NULL,'',NULL,NULL,NULL,'290'),('305',NULL,'',NULL,NULL,NULL,'300'),('315',NULL,'',NULL,NULL,NULL,'310'),('325',NULL,'',NULL,NULL,NULL,'320'),('335',NULL,'',NULL,NULL,NULL,'330'),('345',NULL,'PRIX ET CERTIFICAT 2017 - Prix Honneur de Qualit du Logiciel  la 2me trimestre, FPT Software, Hanoi. - Prix Meilleure Performance du dpartement FHN.LGS, FPT Software. 2016 - Le certificat d\'excellence dans les tudes universitaires.  topcv.vn',NULL,NULL,NULL,'340'),('355',NULL,'',NULL,NULL,NULL,'350'),('365',NULL,'',NULL,NULL,NULL,'360'),('375',NULL,'Network certification on huawei equipments ADNTECH - ORANGE FRANCE 02/2020 - 07/2020, Dakar DISTINCTIONS Un start-up bas  Dakar proposant des solutions d\'IA pour simplifier la comptabilit. Vainqueur (premire place) de la finale de la Huawei Tches ICT competition - Sngal (04/2019 - 07/2020) Dveloppement d\'un modle kaldi pour un chatbot et d\'un concours de rseau et TIC organis au Sngal auquel ont particip synthtiseur vocal en Wolof pour Orange France plus de 800 tudiants de diffrentes universits. Contact: ARISTIDE Mendo\'o - aristide.mendoo@adncorp.com Huawei seeds for the futures Beijing, Shenzhen (06/2019 - 07/2019)',NULL,NULL,NULL,'370'),('255',NULL,'',NULL,NULL,NULL,'250'),('245',NULL,'',NULL,NULL,NULL,'240'),('235',NULL,'',NULL,NULL,NULL,'230'),('225',NULL,'',NULL,NULL,NULL,'220'),('215',NULL,'',NULL,NULL,NULL,'210'),('205',NULL,'',NULL,NULL,NULL,'200'),('135',NULL,'',NULL,NULL,NULL,'130'),('145',NULL,'',NULL,NULL,NULL,'140'),('155',NULL,'Certification IT4ALL-ITCEC',NULL,NULL,NULL,'150'),('165',NULL,'',NULL,NULL,NULL,'160'),('175',NULL,'',NULL,NULL,NULL,'170'),('185',NULL,'CERTIFICAT  IBM Data Scientist : Big Data Developer Mastery Award Id: 3820-1529-9232-9219 Avril 2018 CERTIFICAT  NISS 2018 LANGUES CERTIFICAT  USAID CAREER CENTER',NULL,NULL,NULL,'180'),('195',NULL,'',NULL,NULL,NULL,'190'),('125',NULL,'',NULL,NULL,NULL,'120'),('115',NULL,'',NULL,NULL,NULL,'110'),('105',NULL,'',NULL,NULL,NULL,'100');
/*!40000 ALTER TABLE `certificat` ENABLE KEYS */;
UNLOCK TABLES;

--
-- Table structure for table `competences_operationnelles`
--

DROP TABLE IF EXISTS `competences_operationnelles`;
/*!40101 SET @saved_cs_client     = @@character_set_client */;
/*!50503 SET character_set_client = utf8mb4 */;
CREATE TABLE `competences_operationnelles` (
  `ID_COMP_OP` varchar(305) CHARACTER SET utf8 COLLATE utf8_unicode_ci NOT NULL,
  `NOM_COMP_OP` varchar(6000) CHARACTER SET utf8 COLLATE utf8_unicode_ci DEFAULT NULL,
  `DESCRIPTION_OP` varchar(1000) CHARACTER SET utf8 COLLATE utf8_unicode_ci DEFAULT NULL,
  PRIMARY KEY (`ID_COMP_OP`)
) ENGINE=MyISAM DEFAULT CHARSET=utf8 COLLATE=utf8_unicode_ci;
/*!40101 SET character_set_client = @saved_cs_client */;

--
-- Dumping data for table `competences_operationnelles`
--

LOCK TABLES `competences_operationnelles` WRITE;
/*!40000 ALTER TABLE `competences_operationnelles` DISABLE KEYS */;
INSERT INTO `competences_operationnelles` VALUES ('346',NULL,''),('356',NULL,''),('366',NULL,''),('376',NULL,''),('386',NULL,''),('396',NULL,''),('406',NULL,''),('416',NULL,''),('426',NULL,''),('436',NULL,''),('446',NULL,''),('456',NULL,''),('466',NULL,''),('476',NULL,''),('266',NULL,'Aout 2020 Consultant AMOA, STAGE, Chez Groupe Banque Populaire Mars 2020 Pilotage de la reprise des srets mobilires sur le RNESM. Aout 2019 Consultant reporting BI, STAGE, Chez Royal Air Maroc Juillet 2019 Migration des donnes  partir des fichiers Excel vers Oracle Dveloppement dune plateforme web (sales watcher) pour le suivi en temps rel des ventes de la compagnie sur une map 3D. Intgration de LAPI Google Maps. Oracle Excel Angular7 Java Spring Boot API Google Maps Aout 2018 Data scientist, STAGE, Chez Office National Des Aroports Juillet 2018 Anaylse des commentaires des passagers de laroport Med V de Casablanca et ressort de leurs sen- timents  partir de leurs feedbacks. Python NLTK/NLP/Pandas/TextBlob Juin 2016'),('336',NULL,''),('326',NULL,''),('316',NULL,''),('306',NULL,''),('296',NULL,''),('286',NULL,''),('276',NULL,''),('256',NULL,''),('166',NULL,'tout 2016 Mention Assez Bien Curieuse Applique Exprie nc prof sionne ll Vacataire en mdiathque Plaine Commune Stains / Depuis septembre 2019 Organise'),('176',NULL,''),('186',NULL,''),('196',NULL,''),('206',NULL,''),('216',NULL,''),('226',NULL,''),('236',NULL,''),('246',NULL,'Analyste stratgique | Novembre 2019  Aout 2020 ETL : Talend, SSIS Transformation des donnes pour crer des graphiques dans Power View; Recoupement des informations collectes et production de tableaux de Reporting : Power BI, SSRS, bord utiles  la prise de dcision; SAS Viya, Tableau Mise  jour des rapports et des graphiques; Dtection des signaux dalerte et rdaction des notes de synthse et des Bases de donnes : MySQL, recommandations . SQL Server, Oracle,  Power BI, Excel PostrgreSQL Langage : SQL, PL/SQL,Python Ministre de lIntrieur  Rabat, Maroc Charge de veille | Aout 2018  Octobre 2019 LANGUES Participation  la mise en place dun dispositif de veille stratgique Expert veille internet | Novembre 2017  Aout 2018'),('156',NULL,'Juillet - Aout Collecte et Analyse des sentiments sur Twitter concernant les Conditions de vie de la 2019 population :Data Scraping , Natural Language Processing (NLP) , Analyse des sentiments Juillet 2018'),('146',NULL,''),('136',NULL,''),('126',NULL,''),('116',NULL,''),('106',NULL,'');
/*!40000 ALTER TABLE `competences_operationnelles` ENABLE KEYS */;
UNLOCK TABLES;

--
-- Table structure for table `competences_techniques`
--

DROP TABLE IF EXISTS `competences_techniques`;
/*!40101 SET @saved_cs_client     = @@character_set_client */;
/*!50503 SET character_set_client = utf8mb4 */;
CREATE TABLE `competences_techniques` (
  `ID_COMP_TECH` varchar(300) CHARACTER SET utf8 COLLATE utf8_unicode_ci NOT NULL,
  `NOM_COM` varchar(8000) CHARACTER SET utf8 COLLATE utf8_unicode_ci DEFAULT NULL,
  `TYPE_COM` varchar(700) CHARACTER SET utf8 COLLATE utf8_unicode_ci DEFAULT NULL,
  PRIMARY KEY (`ID_COMP_TECH`)
) ENGINE=MyISAM DEFAULT CHARSET=utf8 COLLATE=utf8_unicode_ci;
/*!40101 SET character_set_client = @saved_cs_client */;

--
-- Dumping data for table `competences_techniques`
--

LOCK TABLES `competences_techniques` WRITE;
/*!40000 ALTER TABLE `competences_techniques` DISABLE KEYS */;
INSERT INTO `competences_techniques` VALUES ('457','',NULL),('467','',NULL),('477','',NULL),('407','SAS outil analytique et programmation Systme Linux, MacOs, Langues et Windows et Rseaux Programmation',NULL),('417','Outil : Spring, Hybris, Git, SASS, Jira, Confluence, jenkins. De juillet 2019  Outil : UML, Angular 8, Spring, Mysql, Git, Trello. Outil : Java 8, Android studio,Raspberry, Maching learning, Kanban. Acienne membre de la chorale \'la cicada Oujda\' /',NULL),('427','',NULL),('437','Outils Big Data/BI : Apache Kakfa, Mise en place d\'un systme de visualisation d\'indicateurs du Elasticsearch, Logstash, Kibana, FileBeat, trafic routier Talend, Tableau, BusinessObjects o Conception de la plateforme (UML) Data science : Machine learning o Extraction des donnes (Logstash, Elasticsearch) (apprentissage supervise, apprentissage o Outils dIntgration Continue : Git LANGUES',NULL),('447','Dot de comptences en programmation, en outils danalyse dcisionnels, en data visualization, en statistiques et machine Learning acquises lors de mes formations et expriences professionnelles, je me sens apte et capable de mobiliser les connaissances acquises afin de satisfaire les exigences du poste Rigoureux, autonome, sachant travailler en quipe et ayant un bon relationnel mon Acquisition des comptences en outils de la science des donnes et dintelligence artificielle; en outils dexploration et dexploitation des donnes, des connaissances de larchitecture Data Warehouse et de linformatique dcisionnelle Langues outils logiciels spcifiques  tous les secteurs dactivits rpondant aux besoins complexes des entreprises 2 impasse Etienne fourmont 95220 Herblay sur seine Napo TCHEDRE Formations Centres dinterts 2010  2014',NULL),('387','et Outils make, git Projects: - Data Mining: Detection de faux billets par NMF - Visualisation Visualisation/interprtation de donnes dun SPECTF - Mini JavaScript: Compilateur mini JavaScript Langues: -',NULL),('397','Environnements et outils : Oracle , Sas Studio , Mangodb , PowerBI , Talend , Tableau , Excel , Jupyter Systmes d\'exploitation : Microsoft , Linux , MacOs /',NULL),('367','Comptence 2016-2017  Outils : Oracle/MongoDB/ MySQL, Tableau, Business Objects, Juin 2019 Stagiaire en dveloppement web (3 mois) SAS - Extens Consulting  Paris (75008) Aot 2019',NULL),('377','Skedito: Outil permettant de crer automatiquement son cv Technologie Physique Philosophie en ligne. Deep e-commerce: Outil pemettant de conseiller un prix de vente d\'une voiture  partir de sa photo et d\'autres caractristiques.',NULL),('317','',NULL),('327','COMPTENCE COMPTENCE TECHNIQUE',NULL),('337','',NULL),('347','- Soft Skill : Avoir les comptences de travail en groupe, telles que la communication, l\'coute, les processus Agile et Waterfall.',NULL),('297','Skills From February 2020 Tools : Python, Rasa, DL, RNN, Json API, Tkinter. Python ( TensorFlow, Keras, Scikit- learn ). From June 2019 to Tools : SQLServer, PLSQL, SSRS. Services, Google Cloud Plateform From July 2018 to Tools : PHP,MYSQL,HTML, Bootstrap, CSS, JAVASCRIPT , Power BI MERISE. Data Bases SQL Server, MySQL, NoSQL. Education Analysis, Conception UML, Merise From September Soft Skills Dynamic / collaborative work / Analyse critique /',NULL),('357','Outils de dveloppement JEE: Spring Boot, Spring Data, Spring Security, HTML, Outil de conception UML, Merise Outil de prototypage Juillet-Aot',NULL),('307','',NULL),('287','',NULL),('277','',NULL),('267','',NULL),('227','',NULL),('237','pharmaceutique en se basant sur les outils de text mining et du NLP   keenturtle, Paris France. CHATTAT Naima Juillet-Aot',NULL),('247','',NULL),('257','dveloppement dun outil de gestion de la qualit nouvelles technologies, les jeux vido maide au quotidien  dvelopper ma des donnes iDQMS : an intelligent Data Quality positivit et maintenir mon bien-tre. Management System tool. Jai particip au - Vie associative : Bnvole ',NULL),('217','OUTILS Employ form  la satisfaction client Outils : Oracle, MongoDB, MySQL, Tableau, Business Objects, Talend Techniques : Data Science, Machine/Deep Learning, Data Cleaning, Data Warehouse, Clustering, Base de donnes avances, Informatique dcisionnelle',NULL),('207','Outils  Oracle  SAS Viya  SAS 9  MangoDB  MATLAB',NULL),('177','',NULL),('187',' laide des outils PHP/MYSQL Sens de responsabilit, Autodidaxie, Outils Big Data: Text mining (Twitter sentiment analysis ). - HADOOP Text summarization en utilisant RNN avec Tensorflow - HDFS - MapReduce Clustering et analyse des donnes dun groupe de pays en utilisant PCA et SOM - HBASE Prdiction de dsabonnement des clients en utilisant les modles de machine - SPARK learning: Application en secteur des banques. Outils Data Mining: - R STUDIO - WEKA - IBM SPSS MODELER Bases de Donnes NoSQL: - REDIS - MongoDB Programmation & Dveloppement Python, HTML / CSS, PHP, R Frameworks: Django, Flask',NULL),('197','Outils de dveloppement Jupyter Notebook , Eclipse, SAS , Visual Studio Code , R studio , Android Studio, Git SGBD Oracle , MySQL , MongoDB',NULL),('167','',NULL),('157','',NULL),('147','',NULL),('137','',NULL),('117','Outils et technologies : JAVA EE, Apache Tomcat, MySQL, Spring boot, HTML, CSS, BOOTSTRAP Outils et langages : TensorFlow, Keras, MATLAB, Python, Scikit-learn, Scikit-Fuzzy, Microsoft Office Excel, Prolog. Business Intelligence : SAS Visual Analytics, SAS Visual Statistics, Data Mining et Machine Learning sur SAS Viya, Google Analytics, analyse de donnes avec le langage Python Dveloppement dapplication mobile et desktop : Java : JavaFX, Swing, Xchart, Scene Builder Python : PyQT, Tk GUI library Visual Basic, VBA, C/C++, Android SDK Dveloppement Web : HTML5, XML, CSS3, BOOTSTRAP, JavaScript, Responsive Web Design J2EE, JSP, Servlets, JSF, SPRING, ASP.NET (C#, VB), PHP Environments de development (IDE) : Eclipse, NetBeans, Intellij IDEA, Android Studio, Code: Blocks, Dev-C++, Visual Studio, ST Visual develop IDE Conception : UML 2.x (Design patterns), Merise, SysML, OMT',NULL),('127','OUTILS web et (Word Press) pendant trois mois Oracle/MongoDB /MySQL, 2014 - 2016 Prparateur de plateaux / laverie(CDD) SERVAIR- PAC OUEST DataBase, Talend (Data Air Catering Roissy Charles de Gaulle France missions associes: ( montage de vols, conomat) Integration, Data Quality), SAS, Tableau, Business Objects 2006 - 2011 Ingnieur (CDI) Ministre de lEau, de lnergie et des Hydrocarbures Bagdad, Irak ENVIRONNEMENT SAS Software, SAS Viya, Jupyter',NULL),('107','',NULL);
/*!40000 ALTER TABLE `competences_techniques` ENABLE KEYS */;
UNLOCK TABLES;

--
-- Table structure for table `contacts`
--

DROP TABLE IF EXISTS `contacts`;
/*!40101 SET @saved_cs_client     = @@character_set_client */;
/*!50503 SET character_set_client = utf8mb4 */;
CREATE TABLE `contacts` (
  `ID_CONTACT` int NOT NULL AUTO_INCREMENT,
  `PAYS` varchar(500) CHARACTER SET utf8 COLLATE utf8_unicode_ci DEFAULT NULL,
  `VILLE` varchar(500) CHARACTER SET utf8 COLLATE utf8_unicode_ci DEFAULT NULL,
  `CODE_POSTALE` int DEFAULT NULL,
  `NUMERO_RUE` varchar(500) CHARACTER SET utf8 COLLATE utf8_unicode_ci DEFAULT NULL,
  `RUE` varchar(500) CHARACTER SET utf8 COLLATE utf8_unicode_ci DEFAULT NULL,
  `TEL` varchar(500) CHARACTER SET utf8 COLLATE utf8_unicode_ci DEFAULT NULL,
  `MAIL` varchar(500) CHARACTER SET utf8 COLLATE utf8_unicode_ci DEFAULT NULL,
  `LIEN_FACEBOOK` varchar(100) CHARACTER SET utf8 COLLATE utf8_unicode_ci DEFAULT NULL,
  `LIEN_LINKEDIN` varchar(100) CHARACTER SET utf8 COLLATE utf8_unicode_ci DEFAULT NULL,
  `LIEN_SKYPE` varchar(100) CHARACTER SET utf8 COLLATE utf8_unicode_ci DEFAULT NULL,
  `LIEN_INSTAGRAM` varchar(100) CHARACTER SET utf8 COLLATE utf8_unicode_ci DEFAULT NULL,
  `LIEN_SITE_WEB` varchar(100) CHARACTER SET utf8 COLLATE utf8_unicode_ci DEFAULT NULL,
  `ID_CANDIDAT` varchar(300) CHARACTER SET utf8 COLLATE utf8_unicode_ci DEFAULT NULL,
  PRIMARY KEY (`ID_CONTACT`),
  KEY `FK_CONTACTS_ID_CANDIDAT_CANDIDAT` (`ID_CANDIDAT`)
) ENGINE=MyISAM AUTO_INCREMENT=1872 DEFAULT CHARSET=utf8 COLLATE=utf8_unicode_ci;
/*!40101 SET character_set_client = @saved_cs_client */;

--
-- Dumping data for table `contacts`
--

LOCK TABLES `contacts` WRITE;
/*!40000 ALTER TABLE `contacts` DISABLE KEYS */;
INSERT INTO `contacts` VALUES (471,NULL,'179 Boulevard Maxime Gorki Villejuif',NULL,NULL,NULL,'07 66 79 66 03','senemameastou@gmail.com',NULL,'',NULL,NULL,NULL,'470'),(461,NULL,'7 Bis Rue Saint Exupery',NULL,NULL,NULL,'','e-mailyabamichel93@gmail.com franck@axelife.fr',NULL,'',NULL,NULL,NULL,'460'),(451,NULL,'15 rue Louns Matoub, Pierrefitte-',NULL,NULL,NULL,'06 19 20 59 33','teraa.oussama@hotmail.com',NULL,'',NULL,NULL,NULL,'450'),(441,NULL,'2 impasse Etienne fourmont2 impasse Etienne fourmont',NULL,NULL,NULL,'','napotiyadja.tchedre@edu.sor napotiyadja.tchedre@edu.sor',NULL,'',NULL,NULL,NULL,'440'),(431,NULL,'',NULL,NULL,NULL,'','aissatoubasene97@gmail.com',NULL,'',NULL,NULL,NULL,'430'),(421,NULL,'',NULL,NULL,NULL,'06 95 10 57 42','sayan.sath@gmail.com',NULL,'',NULL,NULL,NULL,'420'),(411,NULL,'8 rue pierre curie, 92600 Asnires-sur-Seine,',NULL,NULL,NULL,'07 67 97 15 56','soukayna.sabouni@edu.sorbonne',NULL,'',NULL,NULL,NULL,'410'),(391,NULL,' 30 rue des fillettes',NULL,NULL,NULL,'','dehbiaoo@gmail.com',NULL,'',NULL,NULL,NULL,'390'),(401,NULL,'6 rue Suznne Masson',NULL,NULL,NULL,'','60xiaotong.qian@edu.univ-paris13.fr',NULL,'',NULL,NULL,NULL,'400'),(381,NULL,'Rue Catulienne 93200 Saint Denis',NULL,NULL,NULL,'','tiziri.ouldhadda94@gmail.com',NULL,'',NULL,NULL,NULL,'380'),(371,NULL,'',NULL,NULL,NULL,'','amethndiayes17@gmail.com aristide.mendoo@adncorp.com shi.wei@huawei.com',NULL,'',NULL,NULL,NULL,'370'),(361,NULL,'',NULL,NULL,NULL,'07 67 59 56 41','melindamedjdoubi@gmail.com',NULL,'',NULL,NULL,NULL,'360'),(351,NULL,'6 Rue de Bretagne, Chevilly-Larue',NULL,NULL,NULL,'','salmamalki5@gmail.com',NULL,'',NULL,NULL,NULL,'350'),(341,NULL,'45 Boulevard Diderot, 75012 Parisminhhaok35@gmail.com+33 6 46 74 00 04',NULL,NULL,NULL,'','Parisminhhaok35@gmail.com',NULL,'',NULL,NULL,NULL,'340'),(331,NULL,'Adresse : 99 Rue de Silly, Boulogne',NULL,NULL,NULL,'','abdeldjalil.kouachi@dauphine.eu',NULL,'',NULL,NULL,NULL,'330'),(321,NULL,'126 Boulevard Thophile sueur 93100',NULL,NULL,NULL,'07 68 94 63 71','alexandre.karakas@gmail.com',NULL,'',NULL,NULL,NULL,'320'),(301,NULL,'',NULL,NULL,NULL,'','hjibmaroua1@gmail.com',NULL,'',NULL,NULL,NULL,'300'),(311,NULL,'17 Rue Guyard Delalain',NULL,NULL,NULL,'07 81 35 35 67','alexis933000@gmail.com',NULL,'',NULL,NULL,NULL,'310'),(291,NULL,'7 rue de la station 95410 Groslay',NULL,NULL,NULL,'','haidouri.issam@gmail.com',NULL,'',NULL,NULL,NULL,'290'),(281,NULL,'12 Rue de la confluence, Saint-denis. 93200',NULL,NULL,NULL,'','mohamed.guassim@edu.univ-paris13.fr',NULL,'',NULL,NULL,NULL,'280'),(271,NULL,'5 Rue Rigaud , APP 2334, Campusea',NULL,NULL,NULL,'07 66 34 10 66','essebbabinr@gmail.com',NULL,'',NULL,NULL,NULL,'270'),(261,NULL,'7 rue des louvieres , 78180 Montigny-le-Bretonneux , France',NULL,NULL,NULL,'','mohamedelhail21@gmail.com',NULL,'',NULL,NULL,NULL,'260'),(231,NULL,'',NULL,NULL,NULL,'','naima_chattat@hotmail.com',NULL,'',NULL,NULL,NULL,'230'),(241,NULL,'8 Rue Pierre Curie',NULL,NULL,NULL,'06 45 51 53 20','chfadi.sara@mail.com',NULL,'',NULL,NULL,NULL,'240'),(251,NULL,'Adresse : 02 Rue De Beauvais 95500 Gonesse',NULL,NULL,NULL,'','sab.djenadi@gmail.com',NULL,'',NULL,NULL,NULL,'250'),(221,NULL,'35 Rue du Pilier',NULL,NULL,NULL,'07 69 38 46 58','yacinechaouche@hotmail.fr',NULL,'',NULL,NULL,NULL,'220'),(211,NULL,'20, rue Legoix, 77410 Claye-Souilly',NULL,NULL,NULL,'07.62.69.89.44','chambrierjulian@gmail.com',NULL,'',NULL,NULL,NULL,'210'),(201,NULL,'64 Avenue Berlioz , Montreuil 9310093430',NULL,NULL,NULL,'06 58 86 47 20','emiliano.boussac@gmail.com',NULL,'',NULL,NULL,NULL,'200'),(191,NULL,'10 Avenue Adolphe Chauvin, 95300 Pontoise',NULL,NULL,NULL,'','heytem.boumaza@edu.univ-paris13.fr',NULL,'',NULL,NULL,NULL,'190'),(161,NULL,'',NULL,NULL,NULL,'06 15 96 57 30','faiza.berhili@edu.univ',NULL,'',NULL,NULL,NULL,'160'),(171,NULL,'4 rue de la Mare Huguet',NULL,NULL,NULL,'','bianyiping@gmail.com',NULL,'',NULL,NULL,NULL,'170'),(181,NULL,'4 Rue la Mare Huguet, 93110,Rosny sous Bois',NULL,NULL,NULL,'+33605834213','adil.bouhout1208@gmail.com',NULL,'',NULL,NULL,NULL,'180'),(151,NULL,'',NULL,NULL,NULL,'','bensaid.imane01@gmail.com',NULL,'',NULL,NULL,NULL,'150'),(141,NULL,'',NULL,NULL,NULL,'','yasminebabori@hotmail.com',NULL,'',NULL,NULL,NULL,'140'),(131,NULL,'45 rue Menand 93200,Saint Denis',NULL,NULL,NULL,'06 52 52 40 67','aoudjehanesarah@gmail.com',NULL,'',NULL,NULL,NULL,'130'),(111,NULL,'39 AV SOUSSA RUE REBAT EL KHEIR LOTS ZOHOUR',NULL,NULL,NULL,'','salaheddine.adel1996@gmail.com',NULL,'',NULL,NULL,NULL,'110'),(121,NULL,'Adresse :8 rue Lakanal 60110 MERU',NULL,NULL,NULL,'','alsadik.ammar@gmail.com',NULL,'',NULL,NULL,NULL,'120'),(101,NULL,'2, alle des tilleuls',NULL,NULL,NULL,'06 27 51 72 87','Ibrahima.mbengue1@edu.univ-paris13.fr',NULL,'',NULL,NULL,NULL,'100');
/*!40000 ALTER TABLE `contacts` ENABLE KEYS */;
UNLOCK TABLES;

--
-- Table structure for table `etablissement`
--

DROP TABLE IF EXISTS `etablissement`;
/*!40101 SET @saved_cs_client     = @@character_set_client */;
/*!50503 SET character_set_client = utf8mb4 */;
CREATE TABLE `etablissement` (
  `ID_ETABLISSEMENT` varchar(100) CHARACTER SET utf8 COLLATE utf8_unicode_ci NOT NULL,
  `NOM_ETABLISSEMENT` varchar(2000) COLLATE utf8_unicode_ci DEFAULT NULL,
  `TYPE_ETABLISSEMENT` varchar(450) CHARACTER SET utf8 COLLATE utf8_unicode_ci DEFAULT NULL,
  `VILLE_ETABLISSEMENT` varchar(450) CHARACTER SET utf8 COLLATE utf8_unicode_ci DEFAULT NULL,
  `PAYS_ETABLISSEMENT` varchar(450) CHARACTER SET utf8 COLLATE utf8_unicode_ci DEFAULT NULL,
  PRIMARY KEY (`ID_ETABLISSEMENT`)
) ENGINE=MyISAM DEFAULT CHARSET=utf8 COLLATE=utf8_unicode_ci;
/*!40101 SET character_set_client = @saved_cs_client */;

--
-- Dumping data for table `etablissement`
--

LOCK TABLES `etablissement` WRITE;
/*!40000 ALTER TABLE `etablissement` DISABLE KEYS */;
INSERT INTO `etablissement` VALUES ('462','Universit Sorbonne Paris Nord, Villetaneuse Adresse 7 Bis Rue Saint Exupery Universit Sorbonne Paris Nord (Paris 13), Villetaneuse Numro de tlphone0752863788Adresse e-mailyabamichel93@gmail.com',NULL,NULL,NULL),('472','Universit Gaston Berger de Saint louis Saint louis De janvier 2019  avril 2019 dcisionnel(En cours) Universit Paris Sorbonne du Nord Travail Associatif Aider les nouveaux  s\'intgrer . Villetaneuse Les aider dans la comprhension De septembre 2019  septembre 2021 des cours. Organiser des activits pour Deep Learning collecter des fonds  fin d\'aider les Texte Mining. tudiants qui sont le besoin. Machine Learning Data visualisation (SAS visual analytics) Bases de donnes, Data Warehouse (SQL, MySQL, ETL : Rseaux sociaux TALEND) @https://github.com/astou22/ Universit Gaston Berger Saint-Louis, Senegal @https://www.linkedin.com/in/mame-astou-sene-979451 D\'octobre 2018  juillet 2019',NULL,NULL,NULL),('452','Universit Sorbonne Paris Nord - Institut Galile Deep Learning 2019  aot Villetaneuse, France Programmation oriente objet 2020 Application Android Programmation imprative Complexit des algorithmes Langages : Python, PL/SQL, Mysql, MongoDB, SAS, Universit Sorbonne Paris Nord - Institut Galile PhpMyAdmin, Colab .... 2016  Villetaneuse, France COMPTENCES PROFESSIONNELLES septembre 2019 Esprit critique De Attestation de russite en classe prparatoire en Capacits d\'analyse et de synthse septembre sciences et techniques Auto-apprentissage 2014  cole prparatoire en sciences conomiques Le sens de la communication septembre commerciales et gestion Draria, Algrie 2016 ATOUTS De Baccalaurat Scientifique Autonome septembre Lyce Mixte Zeralda, Algerie Organis 2013  juin Rigoureux 2014 LANGUES',NULL,NULL,NULL),('432','2020- : Institut Galile - Universit Sorbonne Paris Nord Exploration Informatique des Donnes et Dcisionnel 2015-2020 : Ecole Polytechnique de This 2015 : Lyce Galandou Diouf Baccalaurat Srie S2  Mention Bien Lecture, Documentation Dakar, Sngal',NULL,NULL,NULL),('442','Universit de Mersin (Turquie) Projet: Big data analytics using parallel programing and distributed computing system APACHE SPARK/HADOOP  Comparaison des algorithmes des modles de classification dapprentissage machine  paralllisation  laide du module multitraitement de python  Paralllisation et analyse des donnes de panel  laide du AUTRES module dopration multiple Environnement: Anaconda. Oracle/Mongo DB/MySQL Equipe : 1 dveloppeur Langage: python MSSM/ELASTIC SEARCH JAVA SCRIPT/PHP/NODEJS Napo TCHEDRE Universit de Mersin 07/2020 Assistant du chef de Dpartement de Gnie informatique Relationnel  Assistant dans les tches lies  la production de revues Adaptabilit acadmiques  Supervision des tudiants de premier cycle travaillant sur des Universit Sorbonne Paris Nord (En cours) 2020 - 2021 Universit de Mersin (Turquie) 2017  2019 Master2 Ingnierie des Logiciels Ecole Suprieur de Gestion dInformatique et des Sciences, ESGIS- TOGO Master1 Systme et Scurit Informatique Contact Acquisition des comptences en mthodologie de conception +33 755 00 13 15',NULL,NULL,NULL),('412','Universit Sorbonne Paris Nord le-de-France, France Permis B Data Science et Machine Learning. Rgion parisienne cole Nationale des Sciences Appliques Maroc Thse: Analyse et conception dune plateforme e-commerce Langages: Python, R, java, C++, C Prime SAP Hybris destine  des clients B2B. Data Mining Membre de l\'association des tudiants. Prsidente et fondatrice du \'Club Gnie Informatique\'. Data Warehouse et Base de Prsidente du \'Comit de Dbat\'. donnes avances: PL/SQL, SQL, NoSQL De 2014  2015 Baccalaurat srie Science Mathmatique A Maroc Algorithmique Avance et complexit Outils: Jupyter, Oracle, MySQL,',NULL,NULL,NULL),('422',': DUT Informatiue, Universit Paris 13 - IUT de Villetaneuse (93) 2015-2016 : Baccalaurat Scientfiue opton mathmatiues, Lyce Louise Michel - Bobigny (93) COMPTENCES Informatiue Langages : Java, PHP, JavaScript, SQL, HTML, CSS, C, C++, Python, Android Systmes : Linux, Windows Concepton : UML Gnrales',NULL,NULL,NULL),('402','donnes et dcisionnelle Institut Galile Universit Sorbonne Paris Nord Villetaneuse Projet de la visualisation des donnes de la qualit du vin Institut Galile Universit Data mining, Algorithme gomtrique, Base de Sorbonne Paris Nord donnes en pl/sql,Programmation distribu java De mai 2019  juin 2019 - On fait une exploration sur les donnes de la qualit du vin avec l\'outil Knime LSiocrebnocnen ed\' iPnafroirs mNaotirqd uVei lIlnesttaitnuetu sGealile Universit Projet de la programmation web Institut Galile Universit Sorbonne Paris Nord De septembre 2016  juin 2019 D\'avril 2019  mai 2019 Progammation Web,Base de donnes, algorithmes, Algbre Linaire, Probabilits et - Un Web du jeu intractif pour deviner les pays et les capitals sur une carte en Statistiques utilisant HTML, CSS, Jquery, et AJAX, et aussi les donnes stockes et transformes par PHP et Mysql DUFID Universit Sorbonne Paris Nord Villetaneuse Projet Data Mining Institut Galile Universit Sorbonne Paris Nord D\'octobre 2019  novembre 2019 De fvrier 2016  juin 2016 Baccalauraut Sientifique tranger cole PCA et NMF Scondaire Bashu de Luneng de la municipalit de Chongqing Chongqing, Chine Projet application web toctocmedoc Institut Galile Universit Sorbonne Paris Nord De septembre 2012  juin 2015 De fvrier 2020  mai 2020 - On fait une application web par un group de 6 personnes pour rappeler aux patients de prendre des mdicaments et les rendez-vous avec le mdecin. Comptences Projet de la Base de donnes Institut Galile Universit Sorbonne Paris Nord donnes en Python De novembre 2018  janvier 2019 - On modlise un site de commercial sous la forme dune base de donnes en SQL Programmationimprative et algorithmes en C Projet Zork Institut Galile Universit Sorbonne Paris Nord D\'octobre 2017  novembre 2017 Programmation orient - Notre but est de modifier certains instructions du jeu Zork et de crer un nouveau jeu objet en Java Zork en langage Java.',NULL,NULL,NULL),('382','',NULL,NULL,NULL),('392','Universit Sorbonne Paris Nord - Villetaneuse, France - Depuis septembre 2020 Universit Sorbonne Paris Nord - Villetaneuse, France - Depuis septembre 2019  +337 53 13 06 50 Universit Sorbonne Paris Nord - Villetaneuse, France - De septembre 2016  juin 2019 Lyce Mustapha ben boulaid - An el Hammam, Algrie - Juin 2015 Professionnel EspagnolDbutant',NULL,NULL,NULL),('372','Universit Sorbonne Nord09/2020 - 07/2020, Paris, France Python C HTML CSS SQL Java Oracle Raspberry Pi Arduino Ingnieur gnie informatique et tlcommunication Routing and Switching Ecole Polytechnique de Thies10/2015 - 07/2020, Dakar, Sngal Math calculus and statistics Kaldi: Reconnaissance de la parole Baccalaurat Srie S1 - Mention BienGroupe Scolaire Educazur Machine learning : NLP 10/2012 - 08/2015, Dakar, Sngal CERTIFICATS EXPRIENCES Huawei routing and switching HCIA',NULL,NULL,NULL),('312','',NULL,NULL,NULL),('322','- Baccalaurat Scientifique, 2014 Lyce UNIVERSITE PARIS 13 Condorcet Montreuil- DEUG Mention Mathmatique, 2016 Universit Paris 13- LYCE CONDORCET MONTREUIL Langage C, JAVA Baccalaurat Scientifique, 2014',NULL,NULL,NULL),('352','2020-2021 Institut Galile-Universit Sorbonne Paris-Nord Base de donnes 2017-2020 Ecole Mohammadia dIngnieurs (EMI) , RABAT Data mining & BI Gnie Informatique, option : Systmes dinformation. SAS, Pandas, Numpy,',NULL,NULL,NULL),('362','Institut Galile  Universit Paris 13  France 07 67 59 56 41 2019-2020 Institut Galile  Universit Paris 13  France Avec mention Bien linkedin.com/in/lynda-medjdoubi 2017-2019 Institut Galile  Universit Paris 13 - France Universit des sciences et de la technologie - Houari Boumediene  Alger  Qualit de donnes  Dtection et correction des anomalies',NULL,NULL,NULL),('332','2018 : Universit paris DAUPHINE',NULL,NULL,NULL),('342','UNIVERSIT DE QUY NHON - Par la passion de donnes, aprs BAC +4 en Informatique deux ans de travail en tant que 06/2016 - GPA: 3.05/4 (rang 1/80) avec 6 bourses universitaires / 8 semestres. Software Developer, je continue - En tant que supporteur charg des tudes, j\'ai aid mes camarades mes tudes en France afin de de classe  tudier et  organiser des rvisions. devenir un Data Engineer. - De plus, mes cibles sont toujours 09/2019 UNIVERSIT SORBONNE PARIS NORD l\'efficience et l\'efficacit dans le M1 Informatique, M2 Exploitation Informatique des Donnes et travail. 09/2021 Dcisionnel - En plus, mes intrts prfrs - M1 moyenne : 14,8 (rang 4/75). M2 EID2 en cours. sont Database et Data Quality. - Bourse d\'excellence 2020 de lEUR M&CS.',NULL,NULL,NULL),('292','Sorbonne University Paris Nord Villetaneuse, France Organizing Committee From September Knowledge and Data Engineering of International Conference 2016 to September School of Information Sciences Rabat, Maroc onSmart Systems and Data 2020 Option: Data engineering and monitoring science. Vice president of the great From September Preparatory Classes debaters club. 2014 to July 2019 Lyce Ibn taymia Marrakech, Maroc Member of the sponsoring unit Mathematics and physics specialization of the Engineering Forum. Membre of the club CODE',NULL,NULL,NULL),('302','Ecole des sciences de linformationESI, RABAT. comptable IFRS17 et prdiction de lindemnit pour o 2015-2017 lassurance SCOR. Classes Prparatoires aux Grandes Ecoles | Outils: IBM Cognos TM1, Sql Server, Python, Mathmatiques Tensorflow, Keras, Deep Learning. CPGE Mohammed VI, Maroc. o',NULL,NULL,NULL),('282','Universit Sorbonne Paris Nord Paris Ecole des Sciences de l\'Information Rabat, Maroc Lyce Moulay Youssef Rabat, Maroc Machine Learning & Deep Learning Spcialisation physique et sciences de l\'ingnieur Python ( TensorFlow, Keras, Scikit- learn ) De 2013  2014 Baccalaurat Scientifique - Science de la vie et de la terre Lyce Belbachir Rabat, Maroc Big Data Hadoop , Spark Bac obtenu avec mention  Trs Bien  Image Processing Matlab , Python',NULL,NULL,NULL),('262','Ingnieur en Web Intelligence / Ecole Nationale Suprieure dInformatique et dAnalyse des Systmes 2016 - 2017 DUT - Gnie Logiciel / Ecole Suprieure de Technologie 2013 - 2014 DEUST - Mathmatiques, informatique et physique / Facult des Sciences et Techniques  COMPTENCES Mathmatiques Statistiques, Probabilit, Algbre linaire Data mining Neural Networks, Classification, Clustering, NLP Data Visualisation SAS Analytics, Tableau, Matplotlib, Power BI, Excel Data Intgration, Traitement et Exploitation SAS, Talend, Business Objects Bases de donnes Oracle(PL-SQL), Hive, MySQL, PostgreSQL, SQLServer(T-SQL), Access, NoSQL, MongoDB Langages Python, JAVA, C Dveloppement Web PHP5/Symfony, Angular9, Spring Boot, JEE, HTML5/CSS3/JS',NULL,NULL,NULL),('272','2017  Classes prparatoires - Lyce essebbabinr@gmail.com Acharif Al Idrissi Maroc LinkedIn Classes Prparatoires aux Grandes Ecoles, Nour ESSEBBABI option Mathmatique-Physique. C E R T I F I C AT S',NULL,NULL,NULL),('252','Universit Sorbonne Paris Cit Institut Galile Tlphone : 0667461455 Villetaneuse. 2019-2020 Master1 informatique Universit Sorbonne Paris Cit Institut Galile Villetaneuse. Universit Sorbonne Paris Cit Institut Galile Villetaneuse : programmation java, systme rseaux, CONNAISSANCES LINGUISTIQUES algbre spcification algbrique et logiciel libre, modalisation et robotique web smantique, base de donnes Shell, structure de donnes, Universit Sorbonne Paris Cit Institut Galile Villetaneuse Informatique Universit Mouloud Mammeri Tizi-Ouzou Algrie 2015-2016 Baccalaurat Srie Scientifique I NFORMATIQUE Lyce Chihani Bachir Algrie 2014-2015 Baccalaurat Srie Mathmatique Excel, Word, PowerPoint, Et Microsoft Lyce Chihani Bachir Algrie internet Langages de programmation : PL/SQL, C, Pascal, Java,JavaScript,Mysql, XML EXPRIENCES PROFESSIONNELLES2016-2018 soutiens en mathmatique particuliers ,PHP, Haskell, Ocaml, CSS, Html, paris Aide aux devoirs, prparation des contrles, Matlab, VBA, Python , SAS, remise  niveau si ncessaire, prparation des PL /SQL ,DATA warehouse. examens brevet et baccalaurat (toutes option). Jai trs vite appris  tre patiente,  lcoute de mes lves tolrante et surtout pdagogue. COMPTENCES 2017-2019 Vendeuse /Caissire Auchan Louvre Prparer les produits  la vente et organiser un rayon Dynamique, motive, curieuse et trs srieuse  Vendre un produit en identifiant le besoin du client et Communication et adaptation facile en argumentant en fonction du stock disponible  Tenir une caisse et faire les comptes en fin de',NULL,NULL,NULL),('222','',NULL,NULL,NULL),('232','lyce Moulay Abdellah, Maroc. SAS',NULL,NULL,NULL),('242','Donnes et Dcisionnel  lInstitut de Galile - Universit Sorbonne CONTACT 2020  2021 | Universit Sorbonne Paris Nord  Institut Galile 2010  2011| Lyce Groupe Scolaire Atlas  Rabat, Maroc Baccalaurat scientifique: sciences mathmatiques COMPETENCES',NULL,NULL,NULL),('182','BACCALAURAT  LYCE MOHAMMED ARSALANE  TANGER Option Sciences Mathmatiques A INFOS CONTACT 4 Rue la Mare Huguet, 93110,Rosny sous Bois CERTIFICATIONS',NULL,NULL,NULL),('212','Universit Sorbonne Paris Nord - Institut Galile | Depuis Septembre 2020 Bourse d\'excellence de Facebook Universit Sorbonne Paris Nord - Institut Galile | Septembre 2020 - Avril 2021 Universit Sorbonne Paris Nord - Institut Galile | Septembre 2019 - Juin 2020 Mention Trs bien - Major de promotion chambrierjulian@gmail.com Universit Sorbonne Paris Nord - Institut Galile | Septembre 2019 - Juin 2019 07.62.69.89.44 Mention Trs bien - Major de promotion sur les 3 annes 20, rue Legoix, 77410 Claye-Souilly',NULL,NULL,NULL),('192','',NULL,NULL,NULL),('202','Institut Galile, Universit Paris 13, Sorbonne Paris Cit Villetaneuse, 93430 De 2016  2019 Classe Prparatoire au Grandes Ecoles (PSI) Lyce Jean Jaurs Montreuil, 93100 Spcialit Physique et Science de l\'Ingnieur 2014 Baccalaurat scientifique Lyce Jean Jaurs Montreuil, 93100 Spcialit Mathmatiques, Mention Bien Comptences Langage de programmation  Python  SQL  PL/SQL  JAVA  SAS  C  JavaScript : jQuery  PHP',NULL,NULL,NULL),('172','Elve de cycle prparatoire - Universit BEIHANG Mathmatiques : algbre, gomtrie, analyse, Physiques : optique, electronique, mthode mathmatique pour la physique Stage  UNIVERSITE BEIHANG comme lectricien Assembler une radio portable Souder les parties dun convertisseur A/N 07/2012-09/2012 Stage  UNIVERSITE BEIHANG comme ouvrier Apprendre  utiliser lemboutisseuse (tourneur, fraiseur) pour faire un modle que lon dessine Etudier la technologie de fabrication (contrle numrique), fabrication dinsigne ACTIVITES ET PRIX Obtention dun rsultat remarquable au Challenge de Programmation de NetEase en juillet 2010 Obtention du Premier Prix au Concours olympique national de l\'informatique de la jeunesse en dcembre 2009 Comptences',NULL,NULL,NULL),('162','Baccalaurat Scientifique (spcialit Sciences et Vie de la Terre) Lyce Maurice Utrillo Stains / Dlgue de la M1 Informatique Institut Galile - Universit Sorbonne Paris Nord Villetaneuse / D\'octobre 2019  juin 2020 Patiente Dlgue de la L3 Informatique Institut Galile - Universit Sorbonne Paris Nord Villetaneuse, France / D\'octobre 2018  juin 2019 Mthode Agile Trello C ompte nc Git/GitHub Bases de donnes avances et Data Warehouse SQL, PL/SQL, SQL3, MySQL Outils: Oracle, Talend, Tableau, Business Objects, MongoDB, SAS C e ntr \'intr PDyattha oMn,i nSiAnSg Bnvole en mileu associatif Football (amatrice) Informatique Dcisionnelle Mangas Japonais Apprentissage statistique Python Jeux vidos (loisirs) Deep Learning Cinma / sries TV Python Sciences des donnes numriques Linke I Python Statistique exploratoire multidimensionnelle @Faiza.BERHILI Programmation SAS Langage C Java avanc Autres UML, Ocaml, Haskell, Mathlab, Gomtrie Algorithmique, Model Checking, Internet des objets (Arduino) et Algorithme des textes /',NULL,NULL,NULL),('142','Institut Galile Paris-XIII : M2 Data Science Villetaneuse Exploration informatique des donnes et dcisionnel Bases de donne es avance es, Data Mining, Data Warehouse, BI INFORMATIONS Apprentissage Artificiel, Statistique exploratoire multidimensionnelle 25 ans - Algrienne Traitement de donne es textuelles, Flux de donne es et programmation Saint-Denis, France 2016-2019 INSA- Cycle ingnieur : Intelligence Artificielle + 33 6 17 52 16 75 Blois Gnie des Systmes Industriels yasminebabori@hotmail.com Traitement d\'images du signal ; Machine Learning ; Aide a la De cision Permis B Computer Vision, Filtrage Nume rique 2014-2016 Classes Prparatoires aux Grandes Ecoles dingnieurs Saint Germain Option: Maths-Physique-Informatique LANGUES En Laye Lyce e Jeanne DAlbret',NULL,NULL,NULL),('152','Universit Sorbonne Paris Nord  Institut Galile  Paris Cycle Ingnieur  cole des Sciences de lInformation ESI  Rabat, Maroc Rabat Gnie des Donnes & des connaissances - Option : Gnie des Donnes et Veille 2015-2017 Sal Stage de Fin Dtudes au Pharmaceuetical Institute (PhI) Rabat ( 5 mois ) 2020 Elaboration dune plateforme dcisionnelle et dun prototype prvisionnelle des ventes des produits pharmaceutiques : BI , Time Series Analysis and Forcasting , Algorithmes hybrides',NULL,NULL,NULL),('132','Dcisionnel, Universit Sorbonne Paris Nord. Cours: Data science, Data warehouse, SAS, Machine Learning, Data Mining, Base de donnes avances, Deep Lerning, Apprentissage statistique. Sarah AOUDJEHANE 2020-2021 : Projets universitaires, Universit Sorbonne Paris Nord, Langages de programmations: 2019-2020 : Projet universitaire, Universit Sorbonne Paris Nord,-Conception d\'un rseau social (site web) pour le partage de recettes de cuisine en partenariat avec Doris Daviet Sens de -Gestion des tches, des plannings d\'une quipe composait de 6 personnes. responsabilits Travail en quipe Mars 2018- juillet 2018 : Projet Universitaire, Universit de Mouloud Voyage Mammeri Tizi-Ouzou. Natation, handball',NULL,NULL,NULL),('102','UNIVERSIT SORBONNE PARIS NORD, INSTITUT GALIL CLCOOUURDSERA ECOLE POLYTECHNIQUE DE THIS, SNGAL UDEMY',NULL,NULL,NULL),('112','Ecole Mohammadia dIngnieurs (EMI) - RabatOutils de modlisation et de conception UML : 2017  2P0a2p0yr: uEsl,vEentienrgprinsieeuArrcehni tgectn,ieStianrfUorMmL,atUiqMuLe Designer. Systmes embarqus : Classes prparatoires aux grandes coles (CPGE Moulay Driss Fs) Raspberry Pi, Arduino, microcontrleurs. 2014  2017 : Filire PSI Lyce IPEP Fs 2013  2014 : Baccalaurat, Option sciences mathmatiques (B), Mention : trs bien Planification, Reprsentation graphique de donnes statistiques, Business intelligence, Bases de donnes, Domotique, Internet des objets, Transport et mobilit, technologies Web mergentes.',NULL,NULL,NULL),('122',', Institut Galile, Universit Sorbonne Paris Nord Dcisionnelle, Apprentissage 2019 - 2020 Master1 Informatique, Institut Galile, Universit Sorbonne statistique, Sciences des donne Paris Nord numriques, Machine Learning, 2016 - 2019',NULL,NULL,NULL);
/*!40000 ALTER TABLE `etablissement` ENABLE KEYS */;
UNLOCK TABLES;

--
-- Table structure for table `experience_professionnelle`
--

DROP TABLE IF EXISTS `experience_professionnelle`;
/*!40101 SET @saved_cs_client     = @@character_set_client */;
/*!50503 SET character_set_client = utf8mb4 */;
CREATE TABLE `experience_professionnelle` (
  `ID_EXP_PRO` varchar(100) CHARACTER SET utf8 COLLATE utf8_unicode_ci NOT NULL,
  `TITRE_POSTE` varchar(1000) CHARACTER SET utf8 COLLATE utf8_unicode_ci DEFAULT NULL,
  `ENTREPRISE` varchar(1000) CHARACTER SET utf8 COLLATE utf8_unicode_ci DEFAULT NULL,
  `PAYS` varchar(1000) CHARACTER SET utf8 COLLATE utf8_unicode_ci DEFAULT NULL,
  `VILLE` varchar(1000) CHARACTER SET utf8 COLLATE utf8_unicode_ci DEFAULT NULL,
  `DATE_DEBUT` date DEFAULT NULL,
  `DATE_FIN` date DEFAULT NULL,
  `MISSIONS` varchar(1000) CHARACTER SET utf8 COLLATE utf8_unicode_ci DEFAULT NULL,
  `TACHES` varchar(1000) CHARACTER SET utf8 COLLATE utf8_unicode_ci DEFAULT NULL,
  `ID_CANDIDAT` varchar(300) CHARACTER SET utf8 COLLATE utf8_unicode_ci DEFAULT NULL,
  PRIMARY KEY (`ID_EXP_PRO`),
  KEY `FK_EXPERIENCE_PROFESSIONNELLE_ID_CANDIDAT_CANDIDAT` (`ID_CANDIDAT`)
) ENGINE=MyISAM DEFAULT CHARSET=utf8 COLLATE=utf8_unicode_ci;
/*!40101 SET character_set_client = @saved_cs_client */;

--
-- Dumping data for table `experience_professionnelle`
--

LOCK TABLES `experience_professionnelle` WRITE;
/*!40000 ALTER TABLE `experience_professionnelle` DISABLE KEYS */;
/*!40000 ALTER TABLE `experience_professionnelle` ENABLE KEYS */;
UNLOCK TABLES;

--
-- Table structure for table `formations`
--

DROP TABLE IF EXISTS `formations`;
/*!40101 SET @saved_cs_client     = @@character_set_client */;
/*!50503 SET character_set_client = utf8mb4 */;
CREATE TABLE `formations` (
  `CODE_FORMATION` varchar(10) CHARACTER SET utf8 COLLATE utf8_unicode_ci NOT NULL,
  `ID_ETABLISSEMENT` varchar(50) CHARACTER SET utf8 COLLATE utf8_unicode_ci DEFAULT NULL,
  `INTITULE_FORMATION` varchar(8000) CHARACTER SET utf8 COLLATE utf8_unicode_ci DEFAULT NULL,
  PRIMARY KEY (`CODE_FORMATION`),
  KEY `FK_FOR_ETAB` (`ID_ETABLISSEMENT`)
) ENGINE=MyISAM DEFAULT CHARSET=utf8 COLLATE=utf8_unicode_ci;
/*!40101 SET character_set_client = @saved_cs_client */;

--
-- Dumping data for table `formations`
--

LOCK TABLES `formations` WRITE;
/*!40000 ALTER TABLE `formations` DISABLE KEYS */;
INSERT INTO `formations` VALUES (' 453','452','Prparation d\'un Master 2 - ExplorationInformatique des Donnes et Dcisionnel (EID2)Universit Sorbonne Paris Nord - Institut GalileVilletaneuse, FranceMachine Learning / Deep LearningBases de Donnes Avances / Data WarehouseStatistiques Exploratoire MultidimensionnelleApprentissage de reprsentations visuellesData Mining / Apprentissage Statistiques Licence Informatique septembre'),(' 463','462','TUDIANT EN MASTER 2 EXPLORATION INFORMATIQUE DES DONNES ET Master 2 Exploration informatique des donnes et dcisionnel YABA BILONGO Michel Davel sept. 2019 - juin 2020 Master 1 Informatique 78500 Sartrouville sept. 2018 - juin 2019 Licence InformatiqueUniversit Caen Normandie, Caen Site internetmichyaba.herokuapp.comLinkedIn Data : Gestion des Bases de donnes (Data Base, Data Warehouse, Master Data), Analyse / Traitement des donnes, Intgration des donnes, Qualit des donnes (Dtection et correction des anomalies, limination des doubles, homognisation et enrichissement des donnes), Business Intelligence, Analyse des images Outils: Oracle/MongoDB/MySQL, Talend, Tableau, Business Objects, SAS Langages : Python, R, SQL, PL/SQL, SAS, Java, PHP, NodeJS'),(' 473','472','Master 1 Universit Paris Sorbonne du Nord Villetaneuse, SAS / SAS Viya France De septembre 2019  dcembre 2019 SQL/MySQL Mthode matricielle de data mining avec les mthodes de Oracle, PostgreSQL classification(NMF, Clustering) Langues Master 1 Gestion des donnes et Ingnierie logicielle Master Exploration Informatique des donnes et Master 1 Gestion des donnes et Ingnierie Logicielle'),(' 433','432','Diplme d\'Ingnieur en Informatique et Tlcommunications INTRTS This, Sngal'),(' 443','442','Stage de fin de formation Master 2 informatique dcisionnelle A PROPOS DE MOI Master 2 Exploration Informatique des Donnes et Dcisionnelle Travail sous pression Universit de LomDouble cursus Licence Mathmatiques-Informatique Jeux cognitifs Acquisition des comptences en Conception et dveloppement des systmes logiciels complexes. Lecture'),(' 403','402','Master d\'informatique parcours exploration des'),(' 413','412','De 2020  2021 Master 2 en Exploration Informatique des Donnes et Dcisionnel  Ne le 23/07/1997 Diplme dingnieur d\'tat en Gnie Informatique Connaissances'),(' 423','422','FORMATION Permis B vhicul 2019-2020 : M1 Informatiue  Insttut Galile  Paris Sorbonne Cit - Base de donnes (Oracle) 06 95 10 57 42 - Programmaton Web sayan.sath@gmail.com 2018-2019 : L3 Informatiue  Insttut Galile  Paris Sorbonne Cit 93000 Bobigny 2016-2018'),(' 393','392','Master 2 exploration informatique de donnes et dcisionnel Master 1 informatique  dehbiaoo@gmail.com Licence informatique hbia-ould-oulhadj-b80935172 -Projet de fin de licence cration d\'un site de petites annonces Europe , Afrique (JEE,SQL,HTML,CSS,JAVASCRIPT) Musique -Jeu d\'checs japonais Shogi et jeu de GO en C -Cration d\'un rseau social et un jeu de ZORK en JAVA'),(' 383','382','Master 2: Exploration Informatique des Donnes et Dcisionnel - universit Sor- bonne Paris Nord Informatique Dcisionnelle, Bases de donnes avances, Data Mining, Data Warehouse, Statistique exploratoire multidimensionnelle, Apprentissage statistique, Deep learning, Sci- ence des donnes numriques... 20192020 Master 1: Informatique - universit Sorbonne Paris Nord 20182019 Licence 3 : Informatique- Universit Sorbonne Paris Nord Comptences: Languages html/css, C, Php, Python, Java, ...etc Environements Talend, Tableau, BusinessObjects, SAS, Jira, Trello, jupyter-notebook, pycharm,'),(' 363','362','Formation Contact 2020-2021 Master 2 Exploration Informatique des Donnes et Dcisionnel (EID2) Master 1 informatique melindamedjdoubi@gmail.com Licence Informatique Licence 1 mathmatiques et informatique'),(' 373','372','FORMATION COMPTENCES Master en Datascience Javascript Angular MongoDB NodeJs A Shenzhen, nous avons suivi une formation au sige de Huawei sur la technologie et les quipement de la 5G et du cloud HUAWEI - ORANGE SENEGAL 12/2019 - 01/2020, Dakar Titre de \"Out-standing performance\"  la finale mondiale de la Huawei ICT competition Tches (05/2019 - 07/2020)'),(' 343','342',''),(' 353','352','FORMATION TECHNIQUES Master 2 : Exploration informatique des donnes et dcisionnel. Oracle, MySQL, PostgreSQL Formation Paramilitaire. Matplotlib CPGE Salmane el farissi , SAL 2015-2017 Scikit-learn, Power BI Mathmatiques, physique et sciences de lingnieur. Langages de Programmation: Java, C, 2014-2015 LES ECOLES SCIENTIFIQUES, TEMARA PL/SQL, Python Baccalaurat Sciences Maths A.'),(' 333','332','TUDIANT EN MASTER 2 EXPLORATION INFORMATIQUE DES DONNES ET DCISIONNEL 2020/2021 : En cours, Master 2 Exploration et innovation des donnes  la URL LinkedIn Sorbonne Paris Nord. 2019/2020 : Master 1 informatique  luniversit Sorbonne Paris Nord. https://www.linkedin.com/in/abd 2017/2018 : Master 1 Informatique des Organisations MIAGE  luniversit Paris eldjalil-kouachi-a47654155/ Dauphine. 2014/2017 : Licence Informatique  luniversit dAix-Marseille. 2013 : Baccalaurat Scientifique.'),(' 323','322','DIPLME FORMATIONS Master 1 Informatique, 2019-2020 Licence Mention Informatique, 2019 Universit Licence 3 Informatique, 2018-2019 Licence Modlisation et Ingnierie mathmatique, 2016-2017 - Communicant - Curiosit Licence 1 & 2 mention Mathmatique, 2014-2016 - Langage informatique : - Plusieurs langages : SQL, MatLab, Langage C Bases de donne, XML, Haskell, HTML/CSS,'),(' 303','302',''),(' 313','312','Master Informatique 1e Anne / Institut Galile 07 81 35 35 67 De 2018  2020 Villetaneuse, France Langues Baccalaureat Scientifique / Henri Wallon De 2013  Aubervilliers'),(' 253','252','2016-2019 licence en informatique'),(' 263','262','Master 2 Exploration Informatique des Donnes et Dcisionnel / Universit Sorbonne Paris Nord 2017 - 2020 Licence Sciences et Techniques - Gnie Informatique / Facult des Sciences et Techniques 2014 - 2016'),(' 273','272','Etudiante en Master 2  lUniversit Modlisation des rgles de scurit d\'un poste d\'aiguillage et simulation Sorbonne Paris Nord option : d\'vnements alatoires sur un automate automatique. Exploration informatique des donnes et dcisionnel. A la F O R M AT I O N S2021  Master 2  Universit Sorbonne 2020  Diplme dingnieur  Ecole Paris Nord France Mohammadia dIngnieurs Maroc 5 Rue Rigaud , APP 2334, Campusea Exploration Informatique Des Donnes et Filire gnie Informatique, option Systmes 93350 Le Bourget Dcisionnel. dInformation (SI). 07 66 34 10 66'),(' 283','282','Master 2 Exploration Informatique des Donnes et Dcisionnel'),(' 293','292','Data Science Engineering student looking for an internship starting April 3, 2021  Haidouri Issam  Haidouri Issam  @Issam_haid end-of-study internship Programming languages Python to August 2020 MAMDA-MCMA (Assurance) Rabat, Morocco (pandas, numpy, matplotlib, Design and implementation of an intelligent conversational seaborn), PHP, Javascript, PLSQL. agent to assist MAMDA-MCMA customers. Machine Learning & Deep Learning Internship August 2019 MAMDA-MCMA (Assurance) Rabat, Morocco Big Data Hadoop, Spark, Design and implementation of a business intelligence MapReduce, Pig, Hive, HBase solution for the non-life information system department. Cloud Computing Amazone Web Internship Business Intelligence MS SSIS, MS August 2018 OCP (Gantour) Benguerir, Morocco SSAS, MS SSRS Design and implementation of a WEB application for the management of interventions of technical breakdowns. Data Visualization Qlik Sense, Master 2 Computer Science Data and Business Intelligence Extracurricular Activities 2020 to September Exploration 2021'),(' 243','242','FORMATION Master 2 Exploration Informatique des Donnes et Dcisionnel 8 Rue Pierre Curie 92600 Asnires sur Seine 2013  2016 |Ecole des Sciences de lInformation  Rabat, Maroc Ingnierie des donnes et des connaissances chfadi.sara@mail.com 2011  2013 |CPGE IBN GHAZI  Rabat, Maroc Classes Prparatoires aux Grandes Ecoles d\'Ingnieurs MPSI / MP 06 45 51 53 20'),(' 223','222','Formatio : Comptenc Master 1 informatique Institut Galile Universit Sorbonne Paris Nord Villetaneuse, France / De septembre 2019  juin 2020 Systmes d\'exploitation : Windows, Linux Licence informatique Institut Galile Universit Sorbonne Paris Nord Villetaneuse, France / De septembre 2016  juillet 2019 Environnements de dveloppement : Eclipse, Anaconda, Spyder Exprienc prof sionnell Langages de programmation : JAVA, C, Python, SQL, OCaml, Stagiaire Applications Cloud utilisant l\'approche serverless Groupe HASKELL PSA Poissy, France / De juin 2019  aot 2019 -Conception et mise en uvre d\'applications web / Cloud Bases de donnes: Oracle, MySQL Langages et Frameworks : Java, SeedStack, Docker, OpenFaaS Data Science et Machine Learning : Assistant caisse  temps partiel MONOPRIX Secretan Paris, France / -Traitement et modlisation des Depuis janvier 2019 donnes avec Pandas, NumPy et -Organiser et grer la ligne de caisses. Scikit-learn-Visualisation de donnes Hte de caisse  temps partiel MONOPRIX Secretan Paris, France / avec Matplotlib De dcembre 2017  janvier 2019 Modlisation : UML (diagrammes, -Accueillir, conseiller et servir la clientle OCL) , Design Pattern Rceptionniste  temps partiel Hotel Mont Louis Paris , France / De novembre 2016  dcembre 2017'),(' 233','232','Master 2 Exploration des Donnes et Dcisionnel probabilits,NLP,Tenserflow  luniversit Sorbonne Pris-Nord. ,Keras,Sckilit-Learn 2017- 2020 : INSEA BIG_Data:hadoop,apache Diplome dingnieur dtat en ingenieurie des spark,apache kafka donnes et informatique dcisionnelle,  lInstitut SGBD tools: oracle,MongoDB,PL- Statistique et dEconmie Applique. SQL,SQL server,SSIS National de Web&Mobiledevelopement: 2015- 2017 : HTML,PHP,CSS, JEE, Android Classes prparatoires aux grandes coles au Programming:Python,JAVA,SQL,'),(' 213','212','Master 2 - Exploration Informatique des Donnes et Dcisionnel (EID2) Master 1 - Spcialit Informatique Licence - Spcialit Informatique Ralisation d\'une vido de formation sur la satisfaction client Mthode Agile'),(' 203','202','Master mention Informatique spcialit Exploration informatique des donnes et dcisionnel 2021 Licence d\'Informatique Institut Galile, Universit Paris 13, Sorbonne Paris Cit Villetaneuse, 93430 De 2014  2016'),(' 193','192','APPLICATION ANDROID (PROJET FIN DTUDES LICENCE ) 2017 - 2018  github.com/HeytemBou/University-Projects FORMATION 2020 - 2021 Master 2 Informatique Exploration Informatique des Donnes et Dcisionnel (EID2) Universit Sorbonne Paris Nord, les cours sarticulent autour des sujets suivants : Science de donnes numriques et Appren- tissage Statistiques/Deep Learning/Statistiques Exploratoires Multidimensionnelles/Base de donnes avances/Data warehouse / Web services et flux de donnes (Programmation en Scala) 2019 - 2020 Master 1 informatique - Universit Sorbonne Paris Nord 2017 - 2018 Licence 3 Informatique parcours Technologies de linformation - Universit Constantine 2 2016 - 2017 Licence 2 Informatique - Universit Constantine 2 2015 - 2016 Licence 1 Informatique -Universit Constantine 2  LANGUES'),(' 183','182','MASTER 2  Universit Sorbonne Paris Nord ( en cours) Filire : Exploration Informatique des Donnes et Dcisionnel (EID2) 2017 - 2019 MASTER EN SCIENCES ET TECHNIQUES  FACULTE DES SCIENCES ET TECHNIQUES DE TANGER Filire : Mobiquit & Big Data (MBD) 2011 - 2015 LICENCE EN SCIENCES ET TECHNIQUES  FACULT DES SCIENCES ET TECHNIQUES DE TANGER Filire : Gnie Informatique. 2011 - 2015 DIPLME DETUDES UNIVERSITAIRES EN ADIL BOUHOUT SCIENCES ET TECHNIQUES (DEUST)  FST TANGER CERTIFICAT  SUITABLE TRAINING Septembre 2018 adil.bouhout1208@gmail.com Formation de Data Mining : IBM SPSS MODELER +33605834213 Juin 2018 Formation de Data Mining Formation de Prparer Mon Projet Professionnel Dlgu des tudiants du cycle Master Mise en place dun systme dcisionnel  laide de Mondrian et Pentaho filire Mobiquit et Big Data. MAI 2016  OCTOBRE 2017 | TRAVAIL | Socit RICOTRANS Enseignant bnvole du Mathmatiques Informaticien au sein du service informatique pour la prparation des examens du Bac pour les lves en conditions difficiles. ma formation en Licence Gnie Informatique dorganisation de la premire dition du Marathon Tanger 2014. Stage PFE Licence Qualits Personnelles :'),(' 163','162','Formatio Master 2 Exploration Informatique des Donnes et Dcisionnel Universit Sorbonne Paris Nord Villetaneuse, France / Depuis septembre 2020 Master Informatique Institut Galile - Universit Sorbonne Paris Nord Villetaneuse / De Niveau B2 septembre 2019  juin 2020 Mention Assez Bien Espagnol Licence Informatique Institut Galile - Universit Sorbonne Paris Nord Villetaneuse / De 2016  Niveau B2 juin 2019 Mention Assez Bien'),(' 173','172','Master 2 dExploration Informatique des Donnes et Dcisionnel - Universit Paris 13 09/2019-06/2020 Master 1 dInformatique - Universit Paris 13 09/2018-06/2019 Licence 3 dInformatique - Universit Paris 13 09/2017-06/2018 Licence 2 dInformatique - Universit Paris 13 09/2011-06/2016'),(' 153','152','Master 2 Exploration Informatique des Donnes et Dcisionnel (EID2) 2017- 2020'),(' 113','112',''),(' 123','122','FORMATION Bases de donne, DataWarehouse, 2020 - 2021 Master2 Exploration Informatique de donne et Dcisionnel(EID2) Data Mining, Inforomatique Licence dinformatique, Institut Galile, Universit Sorbonne Paris Deep Learning, Data Base, Business 2002  2005 Ingnieur en production et matriaux  lUniversit de Intelligence, Intgration de donne, Technologie  Bagdad, IRAK Qualit de donne (Dtection et Correction des anomalies,'),(' 133','132','dans le cadre dun master 2 exploration Informatique des Donnes et dcisionnel d\'une dure de 4-6 mois  partir de Mars 2021 FORMATIONS 2020-2021 : Master 2 Exploration Informatique des Donnes et 2019-2020 : Master 1 informatique, Universit Sorbonne Paris Nord 24 ans 2018-2019 : Licence 3 informatique, Universit de Tours facult 45 rue Menand 93200,Saint Denis Sciences et Technologies de Blois. 2015-2018 : Licence 3 informatique, Universit de Mouloud Mammeri 06 52 52 40 67 Tizi-Ouzou Algrie. aoudjehanesarah@gmail.com www.linkedin.com/in/saraha'),(' 103','102','MASTER 2, EXPLORATION INFORMATIQUE DE 2, alle des tilleuls DONNES ET DCISIONNEL 93330, Neuilly Sur Marne FORMATION CERTIFICATIONS M2 INFORMATIQUE DECISIONNEL/ DEPUIS SEPT 2020 PROFESSIONAL CLOUD DATA ENGINEER WITH GCP Master 2 en exploration informatique de donnes et dcisionnel  USPN de Paris AWS FUNDAMENTALS COURSERA INGENIEUR DE CONCEPTION/ OCT 2015  JUIL 2020 BIG DATA HADOOP, SPARK WITH SCALA Cinq ans de formation en cloud data engineer avec 3 ans TENSORFLOW 2.0: DEEP LEARNING AND ARTIFICIAL dalternance (2017/2020) INTELLIGENCE UDEMY'),(' 143','142','FORMATION 2020-2021 Formation  ESP Application Engineer  en Egypt (1mois) Microsoft Office, Matlab, LabVIEW Participation  l\'introduction de produits et aux prsentations techniques Linux, Windows aux clients (Aramco, Shell, BP....) AlKhorayef Training school: recuperer l\'energie piezo-electrique a l\'aide d\'un controle de boucle PID HPTS : Horizontal pump testing systems');
/*!40000 ALTER TABLE `formations` ENABLE KEYS */;
UNLOCK TABLES;

--
-- Table structure for table `langues`
--

DROP TABLE IF EXISTS `langues`;
/*!40101 SET @saved_cs_client     = @@character_set_client */;
/*!50503 SET character_set_client = utf8mb4 */;
CREATE TABLE `langues` (
  `ID_LANGUE` int NOT NULL AUTO_INCREMENT,
  `Nom_langues` varchar(2000) CHARACTER SET utf8 COLLATE utf8_unicode_ci DEFAULT NULL,
  `Pays_langues` varchar(350) CHARACTER SET utf8 COLLATE utf8_unicode_ci DEFAULT NULL,
  PRIMARY KEY (`ID_LANGUE`)
) ENGINE=MyISAM AUTO_INCREMENT=1874 DEFAULT CHARSET=utf8 COLLATE=utf8_unicode_ci;
/*!40101 SET character_set_client = @saved_cs_client */;

--
-- Dumping data for table `langues`
--

LOCK TABLES `langues` WRITE;
/*!40000 ALTER TABLE `langues` DISABLE KEYS */;
INSERT INTO `langues` VALUES (463,'Anglais avril 2018 - juin 2018 Stagiaire Dveloppeur Android et services web AXELIFE, Redon CENTRES D\'INTRT',NULL),(473,'Franais Sujet : Cration d\'une perceptron Multicouches avec python Anglais avec le problme du XOR. Centres d\'intrt Diplmes et Formations Lecture',NULL),(413,'Arabe langue maternelle. septembre 2019 DXC TECHNOLOGY Franais Langue maternelle, dalf Anglais trs bon niveau. De juillet 2018  aot',NULL),(423,'Anglais : B1; Espagnol : A1; Tamoul : Bilingue',NULL),(433,'Franais : C2 Villetaneuse, France Anglais : B2 Wolof : C2',NULL),(443,'Anglais Acquisition des comptences en informatique de haute Franais performance et des systmes informatiques distribus Turc',NULL),(453,'Arabe de donnes d\'un site web d\'annonces commerciales en Langue Maternelle SQL. Franais Base de donnes avances/ Data Warehouse :Dtection Bilingue automatique d\'anomalies de bases de donnes (PL/SQL). Anglais Visualisation des donnes: Applicationde lalgorithme PCA et Avanc une classification K-means sur des donnes dun dpt de CENTRES D\'INTRT marchandise Apprentissage Statistique : Analyse complte et prdiction Les jeux de cartes des donnes entreprise (SAS studio) tre bon dans un jeu de carte implique une valuation Data mining: Application de la NMF (non ngative matrix correcte des probabilits factorisation) sur un dataset pour la dtection des faux billets Expositions(Tech, Artistique, Agricultures ..) ainsi que la semi-NMF et PCA. Dcouvrir les nouveauts Utilisation des bibliothques: sckit-learn, matplotlib, seaborn, pandas, numpy, pymf3 Lecture Dveloppement web: Cration d\'un site web pour des Spcialement l\'analyse du comportement humain petites annoces fron-end et back-end /',NULL),(373,'',NULL),(383,'Franais - Anglais - Berbre - Arabe Loisirs: - littrature - Cyclisme - Cuisine',NULL),(393,'L A N G U ES Baccalaurat tranger mathmatiques Anglais EX PR IEN C ES PR O F ES S IO N N EL L ES Arabe Employe polyvalente bilingue Normal FRANCE - Paris, France - Depuis septembre 2019 Tenue de caisse / mise en rayon /ouverture et fermeture du magasin ATO U T S Caissire en libre-service Mthode agile (scrum) LIDL - Montrouge - D\'octobre 2017  fvrier 2019 Sens de la ngociation Tenue de caisse/Accueil des clients/Mise en rayon/Inventaire Capacit d\'adaptation Comptences relationnelles PR OJ ET S U N IV ER S ITA IR ES Esprit d\'quipe -Rgression linaire / Arbre de dcision / k-means / KNN / Naives bayes-Analyses en composantes principales (PCA) C EN T R ESD \' IN T R T -Qualit des donnes / Intgration des donnes-Cration d\'une base de donnes en SQL et dveloppement de script en PL/SQL -Visualisation des donnes (Knime,Workflow) Sport : -Modlisation d\'une solution fonctionnelle et technique inspire du systme de vote Pratique du Hand-ball de l\'ONU (UML) pendant 9ans. -Cration d\'une plateforme Web voyages IN F O R M AT IQ U E Langages : Python, Sas , Sql , Pl/sql , Java , C , Ocaml , Html , Css , Javascript , Shell',NULL),(403,'Cours prparation du franais langue trangre - On fait une recomposition des donnes en Python sur les donnes \'mnist\' qui est composes par les chifres crit  la main sous forme d\'image en utilisant les mthodes Chinois fonctionnel en Ocaml et langue maternelle Haskell Franais niveau B2 Anglais communication quotidienne /',NULL),(353,'Arabe : Langue maternelle Franais : Bilingue Parascolaire: Anglais : courant Participation  lEntreprenathon de EMI-ESSEC dition 2019 Cours de soutien bnvoles en mathmatiques',NULL),(363,'De dialecte arabe Langue  Anglais : B1 formules dabonnement en relation client .  Scurisation du site Internet  myExtens.online  et du site officiel de  Arabe : Bilingue lentreprise  Extens-consulting.com  en effectuant le passage en https.  Logiciels utiliss : WordPress, FileZilia, HediSQL.  Kabyle : Langue maternelle Avril 2018 Cours de soutien en mathmatiques - Chez des particuliers  Paris, France',NULL),(333,'Anglais : B2.',NULL),(343,'Franais : TCF B1 Backend Dveloppeur, Android Dveloppeur Anglais : B2 07/2018 - Analyser la spcification des exigences logicielles (SRS) et rdiger la structure de systme (Diagramme UML), de base de donnes Vietnamien : Langue (Database Design). maternelle',NULL),(323,'- Chinois (Langue maternelle) - Anglais (Bonne connaissance) - Plusieurs langages : Haskell, Base de donne, XML, HTML, CSS, JavaScript Ingnieur informatique 1re anne, 2017-2018',NULL),(293,'',NULL),(303,'',NULL),(313,'Franais Ile-de-France Chinois (Mandarin) 2014 Option Science de la Vie et de la Terre Langue Maternelle Spcialit Informatique et Science du Anglais B2 Numrique',NULL),(273,'Spcialisation dun systme de traduction d\'une langue source vers une langue cible par utilisation des approches neuronales pour le domaine mdical. Ceci sest effectu en deux temps : - Nettoyage des corpus et des dictionnaires. - Gnration des modles et leur amlioration. Nour Travail dans un environnement Agile (Scrum). ESSEBBABI Anglais : ExcellentFranais: ExcellentArabe: Langue Maternelle Business Intelligence : Mircrosoft PowerBI, Tableau, SASBase de donnes : Oracle 11g, MySQL, PL/SQLMachine Learning INTERETS Big Data : HadoopClassification : SVM, KNN, Decision tree, Naive Bayes , MongoDB Voyage et photographie Deep Learning and rseau de neuronesAnalyse des donnes et visualisation Vlo Photoshop CS Statistiques et probabilits: Notions avances en statistiques et probabilits.',NULL),(283,'Arabe Langue natale 2020 Franais Bilingue Depuis 2017 Gnie de connaissances et des donnes Anglais Courant Option : Gnie de donnes et veille Comptences De 2016  2017 Classe Prparatoire aux Grandes Ecoles Classes prparatoires aux grandes coles Ibn Ghazi Rabat, Maroc Spcialisation physique et sciences de l\'ingnieur (5/2) Langage de programmationPython(Numpy , Matplotlib ,Pandas) , PHP, SQL, PL/SQL De 2014  2016 Classe Prparatoire aux Grandes Ecoles Analyse de sentiments des commentaires en Arabe classique et Dialecte Marocain : recommandation des livres et Conception UML publications sur la covid-19',NULL),(263,'Franais Bilingue Prsident de la 5eme version des Olympiades EN- Arabe Bilingue SIAS. Anglais Avanc Responsable de la 16eme dition du Forum GENI Allemand Notions de base Entreprise. Trsorier de lAssociation Des lves Ingnieur.',NULL),(253,'Franais : Niveau C1 en test de connaissances programmation fonctionnelle. Franais (TCF) 2016-2018 Deug en Mathmatique Anglais : Niveau B2 Kabyle : Langue maternelle 2015-2016 Premires annes Mathmatiques et Arabe : Trs bonne maitrise',NULL),(243,'Arabe : Langue maternelle Franais : Bilingue dinformation.  KB Crawl Anglais : Trs bonne matrise Espagnol: Trs bonne matrise Digimind  Rabat, Maroc',NULL),(193,'Francais Niveau avanc Anglais Courant Arabe Langue maternelle',NULL),(203,'Langue Maternelle Anglais Niveau B2 /',NULL),(213,'Franais Cours particuliers d\'Informatique et de Mathmatiques | 2017 - 2019 Employ polyvalent de restauration / Hte d\'accueil Anglais Chez Quick| Juin 2018 - Aot 2018 Chez McDonald\'s| Mars 2017 - Aot 2017 Manager d\'un quipe de 4 personnes',NULL),(223,'Langu Programmation imprative : Ecrire un programme en C offrant  l\'utilisateur plusieurs fonctionnalits lies au jeu de socit Shogi. Franais Anglais Programmation oriente objet Java: Implmenter un jeu d\'aventure Zork en Java  partir de logiciel donn : ajouter des fonctionnalits Arabe d\'abord puis inventer une nouvelle version de jeu . Ingnierie des bases de donnes: Mettre en lien des vendeurs et des clients pour l\'achat de diffrents articles : modliser ce problme sous la forme dune base de donnes SQL. Programmation distribue Java: Crer une application Java qui analyse des donnes d\'un rseau social.',NULL),(163,'Langu Anglais',NULL),(173,'Informatique : langue C, computer graphique Langue Chinois Langue maternelle Cantonais Langue maternelle Franais Lire, Parler, Ecrire Anglais Lire, Parler, Ecrire Informatique Pack Office (Word, Excel, Power point), Dev-C++, Pascal, Delphi, Java Centres dintrt Sports Basketball,Football,Natation Voyages Singapour (1999), Malaysia (1999)',NULL),(233,'Franais :Dalf C1 Analyse des streams audios en temps rel par une technologie Big_Data. Aglais:Toefl B2',NULL),(113,'',NULL),(123,'Arabe : langue maternelle - dtection de faux billets Visualisation des donnes et utilisation Data Mining (NMF, SNMF , Symetric NMF ) (langage Python) Anglais : B2 WEB Mes Atouts Autonome, Ordonn, Rigoureux',NULL),(183,'Arabe Fvrier 2018 Franais Anglais Espagnole',NULL),(133,'Franais : C2 Anglais : B1 -Participer aux runions avec les quipes IT et MOA Kabyle: Langue maternelle Arabe - Maintenance des quipements informatiques CENTRES DINTERET - Assimilation des connaissances pratiques de la mise en place des rseauxlocaux. Lecture',NULL),(143,'Arabe: langue maternelle Franais :Bilingue Anglais : Toeic (915) Chinois : HSK 3 AlKhorayef Petroleum Company | 2019 ( 7 Mois ) - Shanghai Allemand : De butant Technologies : ASP.net, Access, SubPUMP, AutoCAD Missions: INFORMATIQUE Conception, dveloppement et implmentation dune application Web ASP.net qui detaille l\'integration du systeme et ses differents parametres. Python, C/C++, VBA , R Traitement et Actualisation de la base de donnes sur Access. Spark, Hadoop, Tableau, SAS Gestion des demandes des clients: analyse des specifications et des exigences, ORACLE, MySQL, NoSQL, proposition de solutions techniques, listes des equipements avec SubPUMP MongoDB',NULL),(103,'FRANAIS SSI (stratgies et solutions Informatiques) / SEPT 2019MAI 2020 DAKAR, SENEGAL ANGLAIS DATA ENGINEER JUNIOR Mise en place dun systme de prdiction dindicateurs COMPTENCES du trafic routier de DAKAR Mise en place dune plateforme BIG DATA paramtrable GOOGLE CLOUD avec APACHE SPARK AWS SSI (stratgies et solutions Informatiques) / SEPT 2018  JAN 2019 MACHINE LEARNING/DL DAKAR, SENEGAL PYTHON DATA ENGINEER JUNIOR APACHE SPARK',NULL),(153,'LANGUES : Arabe : natif , Franais: Courant (TCF C1) , Anglais : Courant',NULL);
/*!40000 ALTER TABLE `langues` ENABLE KEYS */;
UNLOCK TABLES;

--
-- Table structure for table `parle_langues`
--

DROP TABLE IF EXISTS `parle_langues`;
/*!40101 SET @saved_cs_client     = @@character_set_client */;
/*!50503 SET character_set_client = utf8mb4 */;
CREATE TABLE `parle_langues` (
  `ID_LANGUE` varchar(50) CHARACTER SET utf8 COLLATE utf8_unicode_ci NOT NULL,
  `ID_CANDIDAT` varchar(50) CHARACTER SET utf8 COLLATE utf8_unicode_ci NOT NULL,
  `SCORE` varchar(50) CHARACTER SET utf8 COLLATE utf8_unicode_ci DEFAULT NULL,
  `NIVEAU` varchar(50) CHARACTER SET utf8 COLLATE utf8_unicode_ci DEFAULT NULL,
  PRIMARY KEY (`ID_LANGUE`,`ID_CANDIDAT`),
  KEY `FK_PARLE_LANGUES_ID_CANDIDAT_CANDIDAT` (`ID_CANDIDAT`)
) ENGINE=MyISAM DEFAULT CHARSET=utf8 COLLATE=utf8_unicode_ci;
/*!40101 SET character_set_client = @saved_cs_client */;

--
-- Dumping data for table `parle_langues`
--

LOCK TABLES `parle_langues` WRITE;
/*!40000 ALTER TABLE `parle_langues` DISABLE KEYS */;
INSERT INTO `parle_langues` VALUES ('473','470',NULL,NULL),('463','460',NULL,NULL),('453','450',NULL,NULL),('443','440',NULL,NULL),('433','430',NULL,NULL),('423','420',NULL,NULL),('413','410',NULL,NULL),('403','400',NULL,NULL),('393','390',NULL,NULL),('383','380',NULL,NULL),('373','370',NULL,NULL),('363','360',NULL,NULL),('353','350',NULL,NULL),('343','340',NULL,NULL),('333','330',NULL,NULL),('323','320',NULL,NULL),('313','310',NULL,NULL),('303','300',NULL,NULL),('293','290',NULL,NULL),('283','280',NULL,NULL),('273','270',NULL,NULL),('263','260',NULL,NULL),('253','250',NULL,NULL),('243','240',NULL,NULL),('233','230',NULL,NULL),('223','220',NULL,NULL),('213','210',NULL,NULL),('203','200',NULL,NULL),('193','190',NULL,NULL),('183','180',NULL,NULL),('173','170',NULL,NULL),('163','160',NULL,NULL),('153','150',NULL,NULL),('143','140',NULL,NULL),('133','130',NULL,NULL),('123','120',NULL,NULL),('113','110',NULL,NULL),('103','100',NULL,NULL);
/*!40000 ALTER TABLE `parle_langues` ENABLE KEYS */;
UNLOCK TABLES;

--
-- Table structure for table `photos`
--

DROP TABLE IF EXISTS `photos`;
/*!40101 SET @saved_cs_client     = @@character_set_client */;
/*!50503 SET character_set_client = utf8mb4 */;
CREATE TABLE `photos` (
  `ID_PHOTO` varchar(30) CHARACTER SET utf8 COLLATE utf8_unicode_ci NOT NULL,
  `PHOTO` varchar(1000) CHARACTER SET utf8 COLLATE utf8_unicode_ci DEFAULT NULL,
  `ID_CANDIDAT` varchar(300) CHARACTER SET utf8 COLLATE utf8_unicode_ci DEFAULT NULL,
  PRIMARY KEY (`ID_PHOTO`),
  KEY `FK_PHOTOS_ID_CANDIDAT_CANDIDAT` (`ID_CANDIDAT`)
) ENGINE=MyISAM DEFAULT CHARSET=utf8 COLLATE=utf8_unicode_ci;
/*!40101 SET character_set_client = @saved_cs_client */;

--
-- Dumping data for table `photos`
--

LOCK TABLES `photos` WRITE;
/*!40000 ALTER TABLE `photos` DISABLE KEYS */;
/*!40000 ALTER TABLE `photos` ENABLE KEYS */;
UNLOCK TABLES;

--
-- Table structure for table `posseder_comp_op`
--

DROP TABLE IF EXISTS `posseder_comp_op`;
/*!40101 SET @saved_cs_client     = @@character_set_client */;
/*!50503 SET character_set_client = utf8mb4 */;
CREATE TABLE `posseder_comp_op` (
  `ID_COMP_OP` varchar(50) CHARACTER SET utf8 COLLATE utf8_unicode_ci NOT NULL,
  `ID_CANDIDAT` varchar(50) CHARACTER SET utf8 COLLATE utf8_unicode_ci NOT NULL,
  `DATE_OBTENTION` date DEFAULT NULL,
  PRIMARY KEY (`ID_COMP_OP`,`ID_CANDIDAT`),
  KEY `FK_POSSEDER_COMP_OP_ID_CANDIDAT_CANDIDAT` (`ID_CANDIDAT`)
) ENGINE=MyISAM DEFAULT CHARSET=utf8 COLLATE=utf8_unicode_ci;
/*!40101 SET character_set_client = @saved_cs_client */;

--
-- Dumping data for table `posseder_comp_op`
--

LOCK TABLES `posseder_comp_op` WRITE;
/*!40000 ALTER TABLE `posseder_comp_op` DISABLE KEYS */;
INSERT INTO `posseder_comp_op` VALUES ('476','470',NULL),('466','460',NULL),('456','450',NULL),('446','440',NULL),('436','430',NULL),('426','420',NULL),('416','410',NULL),('406','400',NULL),('396','390',NULL),('386','380',NULL),('376','370',NULL),('366','360',NULL),('356','350',NULL),('346','340',NULL),('336','330',NULL),('326','320',NULL),('316','310',NULL),('306','300',NULL),('296','290',NULL),('286','280',NULL),('276','270',NULL),('266','260',NULL),('256','250',NULL),('246','240',NULL),('236','230',NULL),('226','220',NULL),('216','210',NULL),('206','200',NULL),('196','190',NULL),('186','180',NULL),('176','170',NULL),('166','160',NULL),('156','150',NULL),('146','140',NULL),('136','130',NULL),('126','120',NULL),('116','110',NULL),('106','100',NULL);
/*!40000 ALTER TABLE `posseder_comp_op` ENABLE KEYS */;
UNLOCK TABLES;

--
-- Table structure for table `posseder_comp_tech`
--

DROP TABLE IF EXISTS `posseder_comp_tech`;
/*!40101 SET @saved_cs_client     = @@character_set_client */;
/*!50503 SET character_set_client = utf8mb4 */;
CREATE TABLE `posseder_comp_tech` (
  `ID_COMP_TECH` varchar(300) CHARACTER SET utf8 COLLATE utf8_unicode_ci NOT NULL,
  `ID_CANDIDAT` varchar(30) CHARACTER SET utf8 COLLATE utf8_unicode_ci NOT NULL,
  `DATE_OBTENTION` date DEFAULT NULL,
  `NIVEAU_MAITRISE` varchar(50) CHARACTER SET utf8 COLLATE utf8_unicode_ci DEFAULT NULL,
  PRIMARY KEY (`ID_COMP_TECH`,`ID_CANDIDAT`),
  KEY `FK_POSSEDER_COMP_TECH_ID_CANDIDAT_CANDIDAT` (`ID_CANDIDAT`)
) ENGINE=MyISAM DEFAULT CHARSET=utf8 COLLATE=utf8_unicode_ci;
/*!40101 SET character_set_client = @saved_cs_client */;

--
-- Dumping data for table `posseder_comp_tech`
--

LOCK TABLES `posseder_comp_tech` WRITE;
/*!40000 ALTER TABLE `posseder_comp_tech` DISABLE KEYS */;
INSERT INTO `posseder_comp_tech` VALUES ('477','470',NULL,NULL),('467','460',NULL,NULL),('457','450',NULL,NULL),('447','440',NULL,NULL),('437','430',NULL,NULL),('427','420',NULL,NULL),('417','410',NULL,NULL),('407','400',NULL,NULL),('397','390',NULL,NULL),('387','380',NULL,NULL),('377','370',NULL,NULL),('367','360',NULL,NULL),('357','350',NULL,NULL),('347','340',NULL,NULL),('337','330',NULL,NULL),('327','320',NULL,NULL),('317','310',NULL,NULL),('307','300',NULL,NULL),('297','290',NULL,NULL),('287','280',NULL,NULL),('277','270',NULL,NULL),('267','260',NULL,NULL),('257','250',NULL,NULL),('247','240',NULL,NULL),('237','230',NULL,NULL),('227','220',NULL,NULL),('217','210',NULL,NULL),('207','200',NULL,NULL),('197','190',NULL,NULL),('187','180',NULL,NULL),('177','170',NULL,NULL),('167','160',NULL,NULL),('157','150',NULL,NULL),('147','140',NULL,NULL),('137','130',NULL,NULL),('127','120',NULL,NULL),('117','110',NULL,NULL),('107','100',NULL,NULL);
/*!40000 ALTER TABLE `posseder_comp_tech` ENABLE KEYS */;
UNLOCK TABLES;

--
-- Table structure for table `projets`
--

DROP TABLE IF EXISTS `projets`;
/*!40101 SET @saved_cs_client     = @@character_set_client */;
/*!50503 SET character_set_client = utf8mb4 */;
CREATE TABLE `projets` (
  `ID_PROJET` varchar(100) CHARACTER SET utf8 COLLATE utf8_unicode_ci NOT NULL,
  `TITRE_PROJET` varchar(2000) CHARACTER SET utf8 COLLATE utf8_unicode_ci DEFAULT NULL,
  `TYPE_PROJET` varchar(50) CHARACTER SET utf8 COLLATE utf8_unicode_ci DEFAULT NULL,
  `PAYS` varchar(60) CHARACTER SET utf8 COLLATE utf8_unicode_ci DEFAULT NULL,
  `VILLE` varchar(50) CHARACTER SET utf8 COLLATE utf8_unicode_ci DEFAULT NULL,
  `DATE_DEBUT` date DEFAULT NULL,
  `DATE_FIN` date DEFAULT NULL,
  `MISSION` varchar(150) CHARACTER SET utf8 COLLATE utf8_unicode_ci DEFAULT NULL,
  `TACHES` varchar(100) CHARACTER SET utf8 COLLATE utf8_unicode_ci DEFAULT NULL,
  `ID_CANDIDAT` varchar(30) CHARACTER SET utf8 COLLATE utf8_unicode_ci DEFAULT NULL,
  PRIMARY KEY (`ID_PROJET`),
  KEY `FK_PROJETS_ID_CANDIDAT_CANDIDAT` (`ID_CANDIDAT`)
) ENGINE=MyISAM DEFAULT CHARSET=utf8 COLLATE=utf8_unicode_ci;
/*!40101 SET character_set_client = @saved_cs_client */;

--
-- Dumping data for table `projets`
--

LOCK TABLES `projets` WRITE;
/*!40000 ALTER TABLE `projets` DISABLE KEYS */;
INSERT INTO `projets` VALUES ('469','Gestion de Projet : Trello, MarvenApp, Git, UML, Docker',NULL,NULL,NULL,NULL,NULL,NULL,NULL,'460'),('479','Projet Acadmiques Git/GitLab',NULL,NULL,NULL,NULL,NULL,NULL,NULL,'470'),('459','Gestion de projet / Spcification dynamique (UML) Java, C .... Environnement : KNIME, Jupyter, Tableau, De PROJETS ACADMIQUE Base de donnes - : Conception, cration et gestion de base Gestion de projet (Scrum): Cration dune application web',NULL,NULL,NULL,NULL,NULL,NULL,NULL,'450'),('449','projet professionnel est dexercer en tant que consultant dcisionnel, data scientist ou encore en tant quingnieur Data/ DevOps & Cloud. Equipe : 2 dveloppeurs et 1 responsable de projet FRAMEWORK Langage: python ANACONDA/AWS/GCP 01/2020  Projet de fin dtude Master2 Gnie Logiciel SAS/TALEND/BO 07/2020 et ralisation de solutions darchitecture logicielle, systme et 2015-2016 rseaux, scurit, optimisation des architectures, systmes ou napotiyadja.tchedre@edu.sor bonne-paris-nord.fr Gestion des tapes dun projet de dveloppement, suivit de l\'ensemble du cycle de vie du logiciel depuis ltude des besoinsjusqu la mise en production. Sport Approfondissement des notions mathmatiques telles que lalgbre, Voyages la thorie des nombres, la logique mathmatiques les probabilits et la modlisation alatoire,scientifique. les statistiques, la gomtrie et le calcul Certificats',NULL,NULL,NULL,NULL,NULL,NULL,NULL,'440'),('439','Conception et ralisation d\'une plateforme de centralisation m\'immerger dans la Data Science et des logs applicatifs et systmes dcouvrir ses nombreux apports dans des domaines d\'expertise varis. o Collecte des logs (Filebeat) o Transformation et transport des logs (Logstash) o Utilisation dune file dattente (Appache Kafka) COMPETENCES o Stockage et analyse des Logs (Elasticsearch) o Visualisation des rsultats (Kibana) Langages & Frameworks : Python, Java, o Dploiement des modules dans des conteneurs Pandas, Numpy, Scikit-Learn, SQL, (Docker) PL/SQL ALTERNANT INGENIEUR DEVELOPPEUR WEB Base de donnes : MySQL, MongoDB 2SI, Dakar (Sngal), 07.2019 - 01.2020) Ralisation d\'un module de traitement (Flask) non supervise) o Mise en place d\'un dashboard de visualisation des Conteneurs : Docker indicateurs (Angular) Modlisation : UML EDUCATION',NULL,NULL,NULL,NULL,NULL,NULL,NULL,'430'),('389','',NULL,NULL,NULL,NULL,NULL,NULL,NULL,'380'),('399','Gestion de projet (SCRUM)  Permis B spcification des systmes dynamiques (UML) Base de donnes https://www.linkedin.com/in/de',NULL,NULL,NULL,NULL,NULL,NULL,NULL,'390'),('409','',NULL,NULL,NULL,NULL,NULL,NULL,NULL,'400'),('419','Conception et la Ralisation dune application web pour le C1. compte de DXC Technology  DXC-CV  Projets Acadmiques Grand Dbat de l\'Oriental\'  l\'ENSAO 2019 Ralisation dun ChatBot avec Python, Flask, Keras. Organisatrice de la premire Application java desktop illustrant A* et Alpha-Beta. dition du Hack&Pitch Hackathon Oujda 2017 Ralisation dune voiture autonme qui cherche le plus court chemin.',NULL,NULL,NULL,NULL,NULL,NULL,NULL,'410'),('429','Geston de projet (WBS, RACI, Gant) Expression-Communicaton Probabilits  Statstiues Langues Projets Universitaires Atouts : Intgraton contnue & test auto Jeu dchecs conu en UML et - Travail en iuipe pour Share Concepton, avec une dvelopp en Java en binme, iuipe de 5 personnes avec une geston de projet et un - Respect des dlais (confguraton de TeamCity, tests logiciel de geston de versions (Git) sur Visual Studio, geston de projet) - tablir un cahier des charges Jeu motus dvelopp avec une iuipe Base de donne : Concepton et craton - Capacit  sorganiser de 4 (Javascript, PHP, geston de projet) tables SQL dans un contexte dachat/vente - Bon rdactonnel',NULL,NULL,NULL,NULL,NULL,NULL,NULL,'420'),('369',' Collaboration avec un web designer pour la ralisation des maquettes du site et ralisation dun cahier des charges  Dveloppement du site Internet  myExtens.online , qui propose trois',NULL,NULL,NULL,NULL,NULL,NULL,NULL,'360'),('379','Installation quipements pour le projet IOT smart Sngal. Notre quipe de 3 personnes s\'est rendue en Chine pour participer  Installation de solution cloud public pour le datacenter de la finale et nous tions classs dans la catgorie de performances Orange Senegal  Rufisque exceptionnelles. Contact: Shi Wei - shi.wei@huawei.com Finaliste Hackathon Orange Sngal Dveloppeur fullstack sur Decrypt, un projet utilisant des techniques l\'IA pour simplifier le travail journalier des LANGAGES comptables. French',NULL,NULL,NULL,NULL,NULL,NULL,NULL,'370'),('349','- Travailler simultanment dans plusieurs projets et j\'tais supporteur d\'une quipe de 4 personnes. COMPTENCES - Langage et Framework : Java (Spring Framework), Python (Scikit-learn), Javascript (Nodejs) et Scala. - Database : PL/SQL, SQL3 (Oracle), SQL2(MySQL, Oracle, SQLite), NoSQL (MongoDB). - Data Engineering : Talend, Apache Spark, Akka, Data Quality Management (Data Profiling, Data Preparation, Deduplication).',NULL,NULL,NULL,NULL,NULL,NULL,NULL,'340'),('359','Gestion de projet Janvier-Juin Projet SABA: Etude et mise en place dun systme de digitalisation des processus d\'octroi des subventions agricoles COMPTENCES ACADEMIQUES/ Juillet 2018 Sujet : Ralisation dune application mobile de mto. Apprentissage Statistiques Sciences des donnes numriques PROJETS ACADEMIQUES: Statistiques exploratoires Data Warehousing Interface Homme Machine Projet Data Science : Systme dcisionnel AI Analyse de projet Evaluation de la solvabilit des clients demandeurs de crdits moyennant Python Audit et gouvernance Logiciel de gestion de ressources numriques - Localiser les ressources numrique dun utilisateur, Indiquer de quelles machines et supports sont accessibles et grer les rgles de partage des ressources. LANGUES',NULL,NULL,NULL,NULL,NULL,NULL,NULL,'350'),('339','Maitrise de loutil de gestion de projet Python, C, PHP, JavaScript.  Trello . Framework PHP Laravel. Modlisation UML, mthode Merise. Bootstrap / JQuery. COORDONNEES Conception Design pattern. S.G.B.D : ORACLE, MySQL, NoSQL, Maitrise de loutil de visionnage de MongoDB. Tel : 06.16.88.78.31 code source  Git . CronTab. / TaskScheduler. Design Aborde Photoshop, Illustrator. Bureautiques: Word, Excel, PowerPoint.. @ abdeldjalil.kouachi@dauphine.eu la ralisation dun rseau social pour le partage de recettes de cuisine  FastCook , tout en 26 ans appliquant la mthode  Agile  sous loutil de gestion  Trello , mission tait de : Permis de conduire B Dfinir toutes les taches sur Trello par ordre de priorit : Users stories, technical stories. Prciser le jeux de donne et mettre les testes d\'acceptation. QUALITS PERSONNELLES Planifier des RDV avec la cliente afin de : clarifier certains besoins avec elle pour mieux les interprter. Srieux et Motiv. Revoir certaines fonctionnalits et proposer des amliorations afin d\'enrichir ou de rigoureux, organis et virer certaines dtails. La planification des sprints et la validation des taches aprs la vrification de la autonome. cohrense de leurs contenu par rapport  ce qui a tait ralis. Bonne capacit d\'analyse et de synthse pour le traitements de Analyste - dveloppeur problmatiques et les actions  mettre en place. Projet de soutenance de lUE :  Systme dinformation , dont lobjectif tait la conception et la cration dune application web de vente de Sardine  La vieille sardine , ma mission dans lquipe tait : Ecrire un dossier de cadrage (DG) depuis un cahier de charge en dfinissant lquipe du CENTRES DINTRT projet avec les rles, le planning de travail gnral, les acteurs externes, le champ dtude, le',NULL,NULL,NULL,NULL,NULL,NULL,NULL,'330'),('319','Projets dtudes  @Alexis Jiang -Jeu dchecs et Jeu de Shogi en C :  @Alexis Jiang -Structure de liste doublement chaner -Enregistrement, lecture d\'une partie dans des fichiers -Respect d\'un cahier des charges -Base de Donnes en SQL+ : -Cration d\'une base de donne selon un modle entit/association -Requtes et cration d\'une vue de la base de donne -Site internet Quizz Gographie conue en HTML/CSS/Javascript/PHP/Json/Bootstrap4 -Conception et utilisation de technologie front et back end /',NULL,NULL,NULL,NULL,NULL,NULL,NULL,'310'),('329','- Projet : Cration d\'une base de donnes vendeur-client, modlisation d\'un logiciel - Turc (Langue maternelle) sous UML - Projet : Morpion avec intelligence artificielle - Persvrant - Plusieurs langages : Base de donnes, MIPS - Adaptable - Projet : Modlisation d\'un systme chaotique (systme de Lorenz - Plusieurs langages : MatLab - Projet : Cration d\'un jeu de labyrinthe avec javaschool',NULL,NULL,NULL,NULL,NULL,NULL,NULL,'320'),('309','La ralisation dune application web de suivi des Image Processing : Matlab documents durbanisme. Business Intelligence(BI): SQLSERVER Talend Outils: UML, HTML, CSS, JavaScript, PHP. Data Visualisation Data Analytics: Tableau Projets: Data Mining QlickSense POWERBI SPSS  Prdiction dAge et du Sex dAbalone  BIG DATA Langage de programmation: PL/SQL Java (Spark, Python). Analyse et prdiction(Classification et Rgression)du Python(matplotlib,Pandas) clture dun compte bancaire (Python,Tensorflow). WEB : HTML5 XML CSS3 Js PHP  Reconnaissance des panneaux de signalisation routires marocains (Image Processing, Python, Base de donnes: SQL NoSQL Scikit Learn, Deep Learning, Keras). Cloud computing: AWS GCP  Mise en place dune solution dcisionnelle Conception: UML et prdictive des retards de vol davion (BI,ML). Prdictions des ventes des vhicules pour une Extrascolaires: agence(SPSS, Rgression linaire). 2019 | ARABWIC Morocco Chapter International  Ralisation et indexation des documents dans un Conference: corpus(PYTHON, Statistiques). Membre du comit dorganisation Junior.  Modlisation et ralisation dun Chabot intelligent pour grer les ventes dune marque en ligne(IBM). 2019 | ICSSD-ESI International Conference: Membre du comit dorganisation Junior. Soft Skills: 2015-Prsent | Observatoire national des droits Ponctualit Travail en groupe Mticulosit de lenfant: Membre club des anciens enfants parlementaires. Gestion de temps Esprit danalyse Dynamisme 2015-2017 | Bureau dtudiants(CPGE MED VI) : Langues: Prsidente. Arabe(Maternelle) Franais(B2) 2006-2011 | ONDE: Enfant parlementaire. English(Courant) Deutsch(Dbutante)',NULL,NULL,NULL,NULL,NULL,NULL,NULL,'300'),('299','Academic Projects Languages - Visualization and prediction of house prices from a Seatle State DataSet. Using Python (Tensorflow,Panda, Numpy, Matplotlib, Seaborn) English Fluent - Recognition of traffic signs (DeepLearning) using Python, Tensorflow, Keras. - Design and implementation of a decision-making system for a terrorism database. Arabic Native tongue Using SQL Server, SSAS, SSRS. - Building a Chatbot (expert system). Using Python, IBM Whatson. French Fluent - Realization of a goods order management project using : JEE, JPA-Hibernate, Spring boot. - Realization of a document search and indexing system in a corpus - Text Mining using Python. Interests - Statistical analysis of a health DataSet with SPSS. - Realization of a web application to manage a database of phones with recommendations. BasketBall National Selection U17 Using : PHP, HTML, CSS, JAVASCRIPT. Surf / Rondonne / Cinema',NULL,NULL,NULL,NULL,NULL,NULL,NULL,'290'),('289','Projets acadmiques Comit d\'organisation de l\'International Conference on Smart Systems and Data Ralisation dun jeu de hasard  laide du langage Python: Roulette Russe Ralisation d\'un modle de prdiction de salaire des employs (Machine Learning : Centres d\'intrt Rgression Linaire simple) Ralisation d\'un modle de prdiction du profit des start-ups (Machine Learning : Football , Tennis Rgression Linaire multiple) Ralisation d\'un modle de prdiction de la probabilit d\'achat d\'un client par Sries TV, Films internet (Machine Learning : Rgression Logistique) Ralisation d\'un modle de prdiction de fidlit des clients d\'une banque (Deep Learning) Ralisation d\'un modle de prdiction du diabte (Deep Learning & Machine Learning) Ralisation d\'un algorithme de dtection et classification d\'objet (Deep Learning) Ralisation d\'un chatbot (Deep Learning) /',NULL,NULL,NULL,NULL,NULL,NULL,NULL,'280'),('279','PROJETS ACADEMIQUESETL - NLP : Systme de recommandation de films bas sur lanalyse des sentiments Machine Learning with Python IBM (Note (99 %)) par une tude des publications extraites des rseaux sociaux en utilisant Python et lesalgorithmes du machine learning.Machine Learning : Application de classification de textes. Neural Networks and Deep Learning Deeplearning.ai (Note( 92%)) Laravel : Application web e-commerce pour achat et vente. IELTS  C1 Java : Application de management dhtel. LANGUES COMPTENCESLangages de programmation : Python, Java, C, Java EE',NULL,NULL,NULL,NULL,NULL,NULL,NULL,'270'),('249','projets : Merise, UML Clear Impulse  Rabat, Maroc Ralisation des notes de veille, des synthses et des rapports Ralisation des runions d\'expression de besoins avec les clients; PROJET Mise en place des projets de veilles et paramtrage des applications logicielles en vue de surveiller et analyser des informations en ligne. Conception et ralisation de Audit des projets et dtection des opportunits de vente Datawarehouse: Valorisation de additionnelle dans le but de dvelopper les comptes clients donnes Open Data de lOffice existants des Changes marocain  Digimind Intellligence, Digimind Social  MySQL, Talend',NULL,NULL,NULL,NULL,NULL,NULL,NULL,'240'),('259','PROJETS UNIVERSITAIRES - Sport : 2 ans dathltisme et 4 ans de vo_vietname 2018 projet base de donnes : ralisation dune base de donnes pour un site web dans la vente darticles. Conception du modle entit association et du modle relationnel. Cration des tables et insertion des donnes.',NULL,NULL,NULL,NULL,NULL,NULL,NULL,'250'),('269','Pilotage de projet de la robotisation : Etablissement du plan de management du projet. Suivi de lexcution du projet et restitution des rsultats. Contribution au dveloppement des robots via loutil RPA. Accompagnement dans les missions daudit et danalyse des processus mtier du back offices. MS Project Oracle Excel RPA Java Spring Boot Angular9 Fvrier 2020 Product Owner, STAGE, Chez Shokly, Paris - France Mars 2020 Product owner de lapplication daide  la maintenance. Python Django PostgreSQL MS Project Excel Git Trello Ralisation dune application de gestion de lembouteillage des vhicules dans les annes 2020 et 2030. SUMO JavaFX XML  LANGUES +',NULL,NULL,NULL,NULL,NULL,NULL,NULL,'260'),('229','Projet \'tud ral : Gestion de projet : Utiliser la mthodologie SCRUM , Trello et Github Mthodes matricielles pour le Data Mining : Appliquer la factorization matricielle non ngative (NMF) pour la dtection de faux billets en Python. /',NULL,NULL,NULL,NULL,NULL,NULL,NULL,'220'),('239','Mars-Aot 2020: Projet de fin dtude dont le sujet est : Constitution des rgles d\'analyse Projets acadmiques LANGUES Ralisation d\'un systme intelligent de prdiction des maladies  partir des symptmes . Ralisation dun SYSTME de reconnaissance faciale . Arabe:natif Implmentation des connaissances du Datawarehouse et data mining en Talend :la Mise en place d\'un entropot de donnes et le reporting. Mise  jour du site officiel d\'INSEA et ralisation d\'un site commerciale des plantes mdicinales avec html, css, php,javascript. Ralisation d\'une plateforme de prsentation des articles artisanaux et d\'avoir des contrats d\'emploi.',NULL,NULL,NULL,NULL,NULL,NULL,NULL,'230'),('219','Projets SCRUM Classification/Extraction d\'informations de CV | Depuis Septembre 2020 Trello Conception, Implmentation et Nettoyage de Bases de Donnes avec ORACLE, MySQL et MongoDB (Donnes structures et non structures) GitHub Extraction d\'informations Maison connecte | Fvrier 2020 - Avril 2020 Internet des Objets Ralisation d\'une maquette d\'une maison connecte avec Arduino ATOUTS Lien du projet : https://github.com/institut-galilee/2020-SmartHomeJA Projet en vido : https://www.youtube.com/watch?v=YRuSDZIuBYg Organis Ralisation d\'un navigateur WEB avec Python Collaboratif Ce navigateur WEB permet de grer les 11000 pages WEB universitaires Appliqu Dtection de faux billets et de tumeurs malignes | Sep 2019 - Dc 2020 Application des mthodes de Data Science et Machine Learning Dsireux d\'apprendre Python Comptences Langages de programmation : Python, R, PL/SQL, JAVA, SAS, C, OCaml',NULL,NULL,NULL,NULL,NULL,NULL,NULL,'210'),('199',' MINI PROJETS PROJET IOT 2019 - 2020  github.com/institut-galilee/2020-captain-planet Conception et mise en place dune station de surveillance de la qualit de lair en utilisant les capteurs de la famille MQ - accompagne de sa propre application Android. Arduino ThingSpeak Android Capteurs MQ C Java PROJET DATA MINING 2019 - 2020  github.com/HeytemBou/University-Projects Implmentation dun modle dapprentissage automatique en Python pour classer les donnes textuelles sous forme de fichiers texte avec diffrents sujets en utilisant la factorization matricielle (NMF) Python Non-negative Matrix Factorization Jupyter Notebook Clustering Scikit-learn Pandas NumPy Autre Mini Projets : Compilateur JS  github.com/HeytemBou/University-Projects dvelopper un compilateur pour une version franaise minimale de javascript en utilisant JavaCC et le Pattern de Visitor : il comprend un lexer, un parseur et un gnrateur de code abstrait Cryptopal challenges (Set 1 et 2)  github.com/HeytemBou/University-Projects rsolution de diffrents problmes et implmentation de quelques algorithmes de cryptage (ECB, ACE..etc) en Java',NULL,NULL,NULL,NULL,NULL,NULL,NULL,'190'),('209','Projets tutors Base de donne d\'un site de _ Modliser la base et concevoir les tables et les clefs en ralisant un modle entit association vente (Nov. 2018 - Dec. de la base de donne 2018) _ Crer les bases et implanter les diffrentes donnes _ Tester la base de donner en effectuant des requte SQL sur la base de donne Jeu d\'chec Japonais (Mars _ Analyser les besoins du projet 2017  Mai 2017) _ Ecrire des lignes de code pour la cration du jeu _ Corriger les bugs et les erreurs rencontrer durant les tests Langues Espagnol',NULL,NULL,NULL,NULL,NULL,NULL,NULL,'200'),('179','',NULL,NULL,NULL,NULL,NULL,NULL,NULL,'170'),('189','Ralisation dune application web pour la gestion des enqutes de satisfaction Facilit d\'intgration, PROJETS RALISS Crativit et force de proposition, Ralisation dune solution dcisionnelle complte permettant d\'analyser facilement Ambitieux. les indicateurs de performance de la Facult des Sciences et Techniques de Tanger Divers : (Mondrian/Pentaho). Permis de conduire B COMPETENCES PROJETS RALISS Data Science Ralisation dun systme embarqu qui contrle les rideaux dune faon automatise en fonction de la luminosit extrieure avec Python et PHP en utilisant - Numpy, Pandas, Scikit-learn, Raspberry Pi 3. Keras, TensorFlow - Data Mining, Classification Multi-class des articles du site dinformation BBC en utilisant les techniques de NLP et Scikit-learn Classifiers. - Machine Learning, - Deep learning : ANN, CNN, RNN Classification Multi-Labels des Films en utilisant les Techniques de Deep Learning (Keras).',NULL,NULL,NULL,NULL,NULL,NULL,NULL,'180'),('159','Ralisation dune application Web : Gestion Collaborative des Rseaux Sociaux Framework :Django, architecture MVC COMPTENCES Business Intelligence : Data warehousing , ETL, OLAP,Talend ,PowerBI ,SQL Server , MS BI Suite Data Science : Scraping , Data pre-processing , Machine Learning , Deep Learning Big Data: : Hadoop , HDFS, MapReduce ,Hive,Pig, Hbase, Spark Data Visualisation :Gephi ,Power BI , Orange , QLICKsense , Google Refine Langages de programmation : Python, R ,Java/JEE , PL/SQL ,SAS Bases de donnes : Oracle 11g, MySQL,MongoDB Statistique : Excel ,VBA, SPSS ,Python, R Dveloppement web :Django,HTML5 / CSS3, PHP, JavaScript. Environnements : Linux ( Ubuntu), NASM Connaissances en :, Risk management ,Gestion de Projet(Prince2), CRM (Salesforce on Cloud) CERTIFICATIONS DIVERS - Business Intelligence :',NULL,NULL,NULL,NULL,NULL,NULL,NULL,'150'),('169','Ralisation d\'un site web (en utilisant langages de programmation web et WordPress) O util',NULL,NULL,NULL,NULL,NULL,NULL,NULL,'160'),('149','Projet de fin dtudes - Ingnieure instrumentation et contrle PROJETS Laboratories GREMAN | 2018 ( 6 Mois ) - Blois Deep Learning : pour le Caracterisation fonctionnelle dechantillons piezo-electriques par interferometrie debruitage des images Technologies : Python, LabVIEW, Matlab/Simulink Python, GPU, Deep Learning, traite- ment dimages Missions: La participation au suivi de projet et faire du Reporting',NULL,NULL,NULL,NULL,NULL,NULL,NULL,'140'),('139','Projet 1 : Prise en main de SAS: Python, PL/SQL, SQL3, SAS, C -Cration et manipulations de tables Java, JavaScript, PHP, J2E, -Cration et recodage des variables Utilisation du macro langage SAS Pascal, HTML, CSS, XML. - Production de statistiques descriptives -Analyses factorielles et classifications Logiciels: Oracle, SAS, Talend, Projet dintgration et prparation de donnes avec Tableau, MongoDB, Business Projet 2 : : Oracle, Objects, MySQL. MySQL et MongoDB: - Conception et Implantation de Bases de Donnes Gestion de projet : Trello, - Qualit des donnes (Dtection et Correction des anomalies, limination des mthodes agiles, UML. doubles, enrichissement des donnes) COMPTENCES SOCIALES -Rdiger un compte rendu de lavancement auprs du chef de projet - Conception et ralisation dun site web dynamique de partage et Engagement bnvole dexposition dimagerie pour les photographes lassociation Zup du Co (Blois 2018-2019)',NULL,NULL,NULL,NULL,NULL,NULL,NULL,'130'),('129','Ralisation d\'un site web (en utilisant langages programmation REALISATIONS DE PROJETS EN 2019 - 2020 LANGAGES DATA SCIENCE Python, Sql , Java, C, SAS , PL/SQL, - Lecture DE CV Conception et implantation de Bases de Donnes et Ocaml Matlab, UML,Haskell. et implantation dEntrepts de Donnes (Dtection et Correction des anomalies, limination de doubles, enrichissement des donnes) sous Langues Oracle, MySQL et MongoDB',NULL,NULL,NULL,NULL,NULL,NULL,NULL,'120'),('109','Conception et ralisation dun systme business SAS intelligence destin  ltude des marchs publics des TENSORFLOW 2.0 pays de lAfrique de lOuest. REST API Conteneurisation et dploiement des solutions ANGULAR/IONIC/FLUTTER',NULL,NULL,NULL,NULL,NULL,NULL,NULL,'100'),('119','l\'administration de la base de donnes par la ralisation d\'une application de gestion des avocats Outilsettechnologies: Visual Basic, Acses Application mobile (React Native) : Ralisation d\'une application mobile qui permet aux utilisateurs de consulter les informations sur des films, des sries Application web (Spring MVC, HTML, CSS, Bootstrap) : Une application web de gestion des services  domicile Janvier 2019  Avril 2019 Office National de lElectricit (ONE) : Ralisation dun projet Dcisionnel pour le suivie des taux et dlai de rsiliations des clients Bass tension (TALEND, OLAP, MICROSTRATEGY).',NULL,NULL,NULL,NULL,NULL,NULL,NULL,'110');
/*!40000 ALTER TABLE `projets` ENABLE KEYS */;
UNLOCK TABLES;

--
-- Table structure for table `reference`
--

DROP TABLE IF EXISTS `reference`;
/*!40101 SET @saved_cs_client     = @@character_set_client */;
/*!50503 SET character_set_client = utf8mb4 */;
CREATE TABLE `reference` (
  `ID_REF` varchar(10) CHARACTER SET utf8 COLLATE utf8_unicode_ci NOT NULL,
  `NOM_REF` varchar(50) CHARACTER SET utf8 COLLATE utf8_unicode_ci DEFAULT NULL,
  `PRENOM_REF` varchar(50) CHARACTER SET utf8 COLLATE utf8_unicode_ci DEFAULT NULL,
  `POSTE` varchar(50) CHARACTER SET utf8 COLLATE utf8_unicode_ci DEFAULT NULL,
  `ENTREPRISE_ETABLISSEMENT` varchar(50) CHARACTER SET utf8 COLLATE utf8_unicode_ci DEFAULT NULL,
  PRIMARY KEY (`ID_REF`)
) ENGINE=MyISAM DEFAULT CHARSET=utf8 COLLATE=utf8_unicode_ci;
/*!40101 SET character_set_client = @saved_cs_client */;

--
-- Dumping data for table `reference`
--

LOCK TABLES `reference` WRITE;
/*!40000 ALTER TABLE `reference` DISABLE KEYS */;
INSERT INTO `reference` VALUES ('478','',NULL,NULL,NULL),('468','',NULL,NULL,NULL),('458','',NULL,NULL,NULL),('448','',NULL,NULL,NULL),('438','',NULL,NULL,NULL),('428','',NULL,NULL,NULL),('418','',NULL,NULL,NULL),('408','',NULL,NULL,NULL),('398','',NULL,NULL,NULL),('388','',NULL,NULL,NULL),('378','',NULL,NULL,NULL),('368','',NULL,NULL,NULL),('358','',NULL,NULL,NULL),('348','',NULL,NULL,NULL),('338','',NULL,NULL,NULL),('328','',NULL,NULL,NULL),('318','',NULL,NULL,NULL),('308','',NULL,NULL,NULL),('298','',NULL,NULL,NULL),('288','',NULL,NULL,NULL),('278','',NULL,NULL,NULL),('268','',NULL,NULL,NULL),('258','',NULL,NULL,NULL),('248','',NULL,NULL,NULL),('238','',NULL,NULL,NULL),('228','',NULL,NULL,NULL),('218','',NULL,NULL,NULL),('208','',NULL,NULL,NULL),('198','',NULL,NULL,NULL),('188','',NULL,NULL,NULL),('178','',NULL,NULL,NULL),('168','',NULL,NULL,NULL),('158','',NULL,NULL,NULL),('148','',NULL,NULL,NULL),('138','',NULL,NULL,NULL),('128','',NULL,NULL,NULL),('118','',NULL,NULL,NULL),('108','',NULL,NULL,NULL);
/*!40000 ALTER TABLE `reference` ENABLE KEYS */;
UNLOCK TABLES;

--
-- Table structure for table `relation`
--

DROP TABLE IF EXISTS `relation`;
/*!40101 SET @saved_cs_client     = @@character_set_client */;
/*!50503 SET character_set_client = utf8mb4 */;
CREATE TABLE `relation` (
  `ID_REF` varchar(30) CHARACTER SET utf8 COLLATE utf8_unicode_ci NOT NULL,
  `ID_CANDIDAT` varchar(30) CHARACTER SET utf8 COLLATE utf8_unicode_ci NOT NULL,
  PRIMARY KEY (`ID_REF`,`ID_CANDIDAT`),
  KEY `FK_RELATION_ID_CANDIDAT_CANDIDAT` (`ID_CANDIDAT`)
) ENGINE=MyISAM DEFAULT CHARSET=utf8 COLLATE=utf8_unicode_ci;
/*!40101 SET character_set_client = @saved_cs_client */;

--
-- Dumping data for table `relation`
--

LOCK TABLES `relation` WRITE;
/*!40000 ALTER TABLE `relation` DISABLE KEYS */;
INSERT INTO `relation` VALUES ('108','100'),('118','110'),('128','120'),('138','130'),('148','140'),('158','150'),('168','160'),('178','170'),('188','180'),('198','190'),('208','200'),('218','210'),('228','220'),('238','230'),('248','240'),('258','250'),('268','260'),('278','270'),('288','280'),('298','290'),('308','300'),('318','310'),('328','320'),('338','330'),('348','340'),('358','350'),('368','360'),('378','370'),('388','380'),('398','390'),('408','400'),('418','410'),('428','420'),('438','430'),('448','440'),('458','450'),('468','460'),('478','470');
/*!40000 ALTER TABLE `relation` ENABLE KEYS */;
UNLOCK TABLES;

--
-- Table structure for table `suivre_formation`
--

DROP TABLE IF EXISTS `suivre_formation`;
/*!40101 SET @saved_cs_client     = @@character_set_client */;
/*!50503 SET character_set_client = utf8mb4 */;
CREATE TABLE `suivre_formation` (
  `CODE_FORMATION` varchar(35) CHARACTER SET utf8 COLLATE utf8_unicode_ci NOT NULL,
  `ID_CANDIDAT` varchar(35) CHARACTER SET utf8 COLLATE utf8_unicode_ci NOT NULL,
  `RESULTAT` varchar(50) CHARACTER SET utf8 COLLATE utf8_unicode_ci DEFAULT NULL,
  `MENTION` varchar(50) CHARACTER SET utf8 COLLATE utf8_unicode_ci DEFAULT NULL,
  `DATE_DEBUT` year DEFAULT NULL,
  `DATE_FIN` year DEFAULT NULL,
  PRIMARY KEY (`CODE_FORMATION`,`ID_CANDIDAT`),
  KEY `FK_SUIVRE_FORMATION_ID_CANDIDAT_CANDIDAT` (`ID_CANDIDAT`)
) ENGINE=MyISAM DEFAULT CHARSET=utf8 COLLATE=utf8_unicode_ci;
/*!40101 SET character_set_client = @saved_cs_client */;

--
-- Dumping data for table `suivre_formation`
--

LOCK TABLES `suivre_formation` WRITE;
/*!40000 ALTER TABLE `suivre_formation` DISABLE KEYS */;
INSERT INTO `suivre_formation` VALUES (' 473','470',NULL,NULL,NULL,NULL),(' 463','460',NULL,NULL,NULL,NULL),(' 453','450',NULL,NULL,NULL,NULL),(' 443','440',NULL,NULL,NULL,NULL),(' 433','430',NULL,NULL,NULL,NULL),(' 423','420',NULL,NULL,NULL,NULL),(' 413','410',NULL,NULL,NULL,NULL),(' 403','400',NULL,NULL,NULL,NULL),(' 393','390',NULL,NULL,NULL,NULL),(' 383','380',NULL,NULL,NULL,NULL),(' 373','370',NULL,NULL,NULL,NULL),(' 363','360',NULL,NULL,NULL,NULL),(' 353','350',NULL,NULL,NULL,NULL),(' 343','340',NULL,NULL,NULL,NULL),(' 333','330',NULL,NULL,NULL,NULL),(' 323','320',NULL,NULL,NULL,NULL),(' 313','310',NULL,NULL,NULL,NULL),(' 303','300',NULL,NULL,NULL,NULL),(' 293','290',NULL,NULL,NULL,NULL),(' 283','280',NULL,NULL,NULL,NULL),(' 273','270',NULL,NULL,NULL,NULL),(' 263','260',NULL,NULL,NULL,NULL),(' 253','250',NULL,NULL,NULL,NULL),(' 243','240',NULL,NULL,NULL,NULL),(' 233','230',NULL,NULL,NULL,NULL),(' 223','220',NULL,NULL,NULL,NULL),(' 213','210',NULL,NULL,NULL,NULL),(' 203','200',NULL,NULL,NULL,NULL),(' 193','190',NULL,NULL,NULL,NULL),(' 183','180',NULL,NULL,NULL,NULL),(' 173','170',NULL,NULL,NULL,NULL),(' 163','160',NULL,NULL,NULL,NULL),(' 153','150',NULL,NULL,NULL,NULL),(' 143','140',NULL,NULL,NULL,NULL),(' 133','130',NULL,NULL,NULL,NULL),(' 123','120',NULL,NULL,NULL,NULL),(' 113','110',NULL,NULL,NULL,NULL),(' 103','100',NULL,NULL,NULL,NULL);
/*!40000 ALTER TABLE `suivre_formation` ENABLE KEYS */;
UNLOCK TABLES;
/*!40103 SET TIME_ZONE=@OLD_TIME_ZONE */;

/*!40101 SET SQL_MODE=@OLD_SQL_MODE */;
/*!40014 SET FOREIGN_KEY_CHECKS=@OLD_FOREIGN_KEY_CHECKS */;
/*!40014 SET UNIQUE_CHECKS=@OLD_UNIQUE_CHECKS */;
/*!40101 SET CHARACTER_SET_CLIENT=@OLD_CHARACTER_SET_CLIENT */;
/*!40101 SET CHARACTER_SET_RESULTS=@OLD_CHARACTER_SET_RESULTS */;
/*!40101 SET COLLATION_CONNECTION=@OLD_COLLATION_CONNECTION */;
/*!40111 SET SQL_NOTES=@OLD_SQL_NOTES */;

-- Dump completed on 2021-03-18 14:54:22
